timestamp_start,timestamp_end,duration_secs,app_name,window_title,phase
2025-08-19 20:21:06,2025-08-19 20:43:53,230,Code.exe,usage_log.csv - 5217Timer - Visual Studio Code,work
2025-08-19 20:21:07,2025-08-19 20:41:59,508,python.exe,Pomodoro Tracker,work
2025-08-19 20:21:11,2025-08-19 20:28:33,4,SearchHost.exe,Search,work
2025-08-19 20:21:16,2025-08-19 20:21:19,3,msedge.exe,New tab - Profile 1 - Microsoft‚Äã Edge,work
2025-08-19 20:21:19,2025-08-19 20:21:22,3,msedge.exe,Discord - Group Chat That‚Äôs All Fun & Games - Profile 1 - Microsoft‚Äã Edge,work
2025-08-19 20:21:33,2025-08-19 20:21:35,2,msedge.exe,(883) Discord | Friends - Profile 1 - Microsoft‚Äã Edge,work
2025-08-19 20:21:35,2025-08-19 20:24:27,8,msedge.exe,(883) Discord | #üí¨ÔΩúgeneral | The Kodiak Republic - Profile 1 - Microsoft‚Äã Edge,work
2025-08-19 20:21:40,2025-08-19 20:22:01,21,msedge.exe,(883) Discord | #üì¢ÔΩúannouncements | The Kodiak Republic - Profile 1 - Microsoft‚Äã Edge,work
2025-08-19 20:22:01,2025-08-19 20:22:19,18,msedge.exe,(883) Discord | #‚òïÔΩúoff-topic | The Kodiak Republic - Profile 1 - Microsoft‚Äã Edge,work
2025-08-19 20:22:19,2025-08-19 20:23:32,72,msedge.exe,(883) Discord | #‚õΩÔΩúrl-politics | The Kodiak Republic - Profile 1 - Microsoft‚Äã Edge,work
2025-08-19 20:23:32,2025-08-19 20:23:41,9,msedge.exe,(883) Discord | #üß†ÔΩúmeta | The Kodiak Republic - Profile 1 - Microsoft‚Äã Edge,work
2025-08-19 20:23:41,2025-08-19 20:23:45,4,msedge.exe,(883) Discord | #üößÔΩúbot-spam | The Kodiak Republic - Profile 1 - Microsoft‚Äã Edge,work
2025-08-19 20:23:46,2025-08-19 20:24:24,21,msedge.exe,(883) Discord | #ü§êÔΩúconfessions | STEM Idiots‚Ñ¢ - Profile 1 - Microsoft‚Äã Edge,work
2025-08-19 20:23:48,2025-08-19 20:24:05,17,msedge.exe,(883) Discord | #üòéÔΩúthe-cool-person-chat | STEM Idiots‚Ñ¢ - Profile 1 - Microsoft‚Äã Edge,work
2025-08-19 20:24:29,2025-08-19 20:47:26,144,firefox.exe,Thought journal feedback ‚Äî Mozilla Firefox,work
2025-08-19 20:24:33,2025-08-19 20:40:14,142,python.exe,Pomodoro Tracker,unscheduled
2025-08-19 20:24:38,2025-08-19 20:25:07,28,firefox.exe,Carol of the Bells - Trans-Siberian Orchestra - Higher Quality - YouTube ‚Äî Mozilla Firefox,work
2025-08-19 20:25:07,2025-08-19 20:27:08,109,firefox.exe,[60fps FullÈ¢®] Dear Remix Edition - ÂàùÈü≥„Éü„ÇØ Hatsune Miku DIVA English lyrics romaji subtitles „Éâ„É™„Éº„Éü„Éº„Ç∑„Ç¢„Çø„Éº - YouTube ‚Äî Mozilla Firefox,work
2025-08-19 20:26:47,2025-08-19 20:26:58,11,firefox.exe,[60fps FullÈ¢®] Dear Remix Edition - ÂàùÈü≥„Éü„ÇØ Hatsune Miku DIVA English lyrics romaji subtitles „Éâ„É™„Éº„Éü„Éº„Ç∑„Ç¢„Çø„Éº - YouTube ‚Äî Mozilla Firefox,unscheduled
2025-08-19 20:27:08,2025-08-19 20:31:40,11,firefox.exe,Miku wants to Enjoy The Silence - YouTube ‚Äî Mozilla Firefox,work
2025-08-19 20:27:11,2025-08-19 20:47:34,11,firefox.exe,Thought Journal - Google Docs ‚Äî Mozilla Firefox,work
2025-08-19 20:29:37,2025-08-19 20:29:38,1,Code.exe,idle_tracker.py - 5217Timer - Visual Studio Code,work
2025-08-19 20:29:38,2025-08-19 20:29:39,1,Code.exe,gui.py - 5217Timer - Visual Studio Code,work
2025-08-19 20:29:39,2025-08-19 20:31:28,33,Code.exe,config.py - 5217Timer - Visual Studio Code,work
2025-08-19 20:37:15,2025-08-19 20:37:38,23,firefox.exe,Miku's Little Dark Age - YouTube ‚Äî Mozilla Firefox,work
2025-08-19 20:37:38,2025-08-19 20:37:41,3,firefox.exe,doopliss theme - YouTube ‚Äî Mozilla Firefox,work
2025-08-19 20:41:05,2025-08-19 20:41:16,11,firefox.exe,Doopliss Battle Paper Mario The Thousand Year Door - YouTube ‚Äî Mozilla Firefox,work
2025-08-19 20:41:25,2025-08-19 20:41:29,4,firefox.exe,ChatGPT ‚Äî Mozilla Firefox,work
2025-08-19 20:43:53,2025-08-19 20:45:35,6,Discord.exe,#üß®ÔΩúspam | STEM Idiots‚Ñ¢ - Discord,work
2025-08-19 20:43:56,2025-08-19 20:44:02,6,Discord.exe,#üçåÔΩúpod | STEM Idiots‚Ñ¢ - Discord,work
2025-08-19 20:44:02,2025-08-19 20:44:17,15,Discord.exe,#ü§êÔΩúconfessions | STEM Idiots‚Ñ¢ - Discord,work
2025-08-19 20:44:17,2025-08-19 20:45:29,71,Discord.exe,#ü§ñÔΩúbot-commands | STEM Idiots‚Ñ¢ - Discord,work
2025-08-19 20:45:31,2025-08-19 20:45:34,3,Discord.exe,#üå≥ÔΩúgrow-a-tree | STEM Idiots‚Ñ¢ - Discord,work
2025-08-19 21:06:29,2025-08-19 21:31:16,32,Code.exe,gui.py - 5217Timer - Visual Studio Code,work
2025-08-19 21:06:30,2025-08-19 21:30:18,4,python.exe,Figure 1,work
2025-08-19 21:07:00,2025-08-19 21:36:45,458,python.exe,Pomodoro Tracker,work
2025-08-19 21:08:03,2025-08-19 21:11:24,24,python.exe,Pomodoro Tracker,unscheduled
2025-08-19 21:09:47,2025-08-19 21:30:59,9,firefox.exe,Timer app tracker guide ‚Äî Mozilla Firefox,work
2025-08-19 21:09:59,2025-08-19 21:13:17,160,Code.exe,usage_log.csv - 5217Timer - Visual Studio Code,work
2025-08-19 21:11:19,2025-08-19 21:12:54,32,Code.exe,usage_log.csv - 5217Timer - Visual Studio Code,unscheduled
2025-08-19 21:30:20,2025-08-19 21:31:38,5,Discord.exe,#üß®ÔΩúspam | STEM Idiots‚Ñ¢ - Discord,work
2025-08-19 21:30:24,2025-08-19 21:30:52,28,Discord.exe,#üìöÔΩúschool | STEM Idiots‚Ñ¢ - Discord,work
2025-08-19 21:30:52,2025-08-19 21:30:55,2,Discord.exe,#üå≥ÔΩúgrow-a-tree | STEM Idiots‚Ñ¢ - Discord,work
2025-08-19 21:30:59,2025-08-19 21:31:15,16,firefox.exe,"„Å®„Åí„Å®„Åí„Çø„É´„ÇÅ„ÅÑ„Çç„Çπ„Éº„Éë„Éº„Éâ„É≥„Ç≠„Éº„Ç≥„É≥„Ç∞2"" - YouTube ‚Äî Mozilla Firefox",work
2025-08-19 21:31:20,2025-08-19 21:31:27,7,AutoClicker.exe,OP Auto Clicker 3.0,work
2025-08-19 21:31:28,2025-08-19 21:31:39,9,firefox.exe,CHRYSTAL - THE DAYS (NOTION REMIX) - YouTube ‚Äî Mozilla Firefox,work
2025-08-19 22:06:13,2025-08-19 22:06:14,1,Code.exe,tracker.py - 5217Timer - Visual Studio Code,work
2025-08-19 22:02:54,2025-08-19 22:06:43,3,python.exe,Figure 1,work
2025-08-19 22:03:19,2025-08-19 22:59:42,321,python.exe,Pomodoro Tracker,work
2025-08-19 22:06:33,2025-08-19 22:43:04,54,firefox.exe,Timer app tracker guide ‚Äî Mozilla Firefox,work
2025-08-19 22:03:00,2025-08-19 22:42:23,15,Code.exe,gui.py - 5217Timer - Visual Studio Code,work
2025-08-19 22:01:47,2025-08-19 22:01:48,1,Code.exe,‚óè gui.py - 5217Timer - Visual Studio Code,work
2025-08-19 22:03:37,2025-08-19 22:03:38,1,Code.exe,usage_log.csv - 5217Timer - Visual Studio Code,work
2025-08-19 22:06:34,2025-08-19 22:41:31,103,Code.exe,logger.py - 5217Timer - Visual Studio Code,work
2025-08-19 22:06:24,2025-08-19 22:06:25,1,Code.exe,‚óè logger.py - 5217Timer - Visual Studio Code,work
2025-08-19 22:06:48,2025-08-19 22:42:11,88,Code.exe,main.py - 5217Timer - Visual Studio Code,work
2025-08-19 22:07:53,2025-08-19 22:55:30,35,Code.exe,state.py - 5217Timer - Visual Studio Code,work
2025-08-19 22:07:57,2025-08-19 22:08:07,10,Code.exe,main.spec - 5217Timer - Visual Studio Code,work
2025-08-19 22:08:19,2025-08-19 22:10:12,56,Code.exe,idle_tracker.py - 5217Timer - Visual Studio Code,work
2025-08-19 22:10:08,2025-08-19 22:10:09,1,Code.exe,config.py - 5217Timer - Visual Studio Code,work
2025-08-19 22:10:16,2025-08-19 22:18:02,4,SearchHost.exe,Search,work
2025-08-19 22:10:20,2025-08-19 22:20:34,146,WindowsTerminal.exe,Windows PowerShell,work
2025-08-19 22:11:26,2025-08-19 22:49:13,395,python.exe,AI Editor,work
2025-08-19 22:11:27,2025-08-19 22:21:05,11,python.exe,Select a codebase,work
2025-08-19 22:11:51,2025-08-19 22:11:57,6,dwm.exe,AI Editor (Not Responding),work
2025-08-19 22:11:57,2025-08-19 22:14:17,35,python.exe,Error,work
2025-08-19 22:13:02,2025-08-19 22:31:20,107,firefox.exe,AI project file mapping ‚Äî Mozilla Firefox,work
2025-08-19 22:14:20,2025-08-19 22:14:21,1,explorer.exe,File Explorer,work
2025-08-19 22:14:21,2025-08-19 22:14:25,4,explorer.exe,Home - File Explorer,work
2025-08-19 22:14:25,2025-08-19 22:15:07,22,explorer.exe,5217Timer - File Explorer,work
2025-08-19 22:14:37,2025-08-19 22:14:58,5,explorer.exe,build - File Explorer,work
2025-08-19 22:14:39,2025-08-19 22:15:04,9,explorer.exe,main - File Explorer,work
2025-08-19 22:14:45,2025-08-19 22:14:47,2,explorer.exe,dist - File Explorer,work
2025-08-19 22:14:48,2025-08-19 22:14:50,2,explorer.exe,data - File Explorer,work
2025-08-19 22:14:52,2025-08-19 22:14:54,2,explorer.exe,__pycache__ - File Explorer,work
2025-08-19 22:15:07,2025-08-19 22:15:09,2,explorer.exe,output - File Explorer,work
2025-08-19 22:15:09,2025-08-19 22:15:14,5,explorer.exe,Konner Knoll - File Explorer,work
2025-08-19 22:15:14,2025-08-19 22:15:26,7,explorer.exe,AICodeAssistant - File Explorer,work
2025-08-19 22:15:16,2025-08-19 22:15:20,3,explorer.exe,chroma - File Explorer,work
2025-08-19 22:15:23,2025-08-19 22:15:24,1,explorer.exe,100% complete,work
2025-08-19 22:15:59,2025-08-19 22:20:16,10,Code.exe,Visual Studio Code,work
2025-08-19 22:16:02,2025-08-19 22:20:22,21,Code.exe,Welcome - Visual Studio Code,work
2025-08-19 22:16:09,2025-08-19 22:16:52,36,Code.exe,logic.py - AICodeAssistant - Visual Studio Code,work
2025-08-19 22:16:52,2025-08-19 22:16:57,5,Code.exe,embedding_utils.py - AICodeAssistant - Visual Studio Code,work
2025-08-19 22:16:57,2025-08-19 22:16:59,2,Code.exe,config.py - AICodeAssistant - Visual Studio Code,work
2025-08-19 22:16:59,2025-08-19 22:17:42,42,Code.exe,edit.py - AICodeAssistant - Visual Studio Code,work
2025-08-19 22:17:42,2025-08-19 22:20:31,48,Code.exe,query.py - AICodeAssistant - Visual Studio Code,work
2025-08-19 22:17:54,2025-08-19 22:20:29,15,Code.exe,‚óè query.py - AICodeAssistant - Visual Studio Code,work
2025-08-19 22:20:45,2025-08-19 22:20:49,4,firefox.exe,"CALMING FOREST SOUNDS, BABBLING STREAM AND RELAXING BIRDSONG FOR SLEEP AND STRESS RELIEF - YouTube ‚Äî Mozilla Firefox",work
2025-08-19 22:22:07,2025-08-19 22:22:32,25,python.exe,AI Editor,unscheduled
2025-08-19 22:25:59,2025-08-19 22:26:24,4,firefox.exe,Mozilla Firefox,work
2025-08-19 22:26:02,2025-08-19 22:26:06,4,firefox.exe,Gmail ‚Äî Mozilla Firefox,work
2025-08-19 22:26:06,2025-08-19 22:26:26,18,firefox.exe,"Inbox (2,215) - konnerjwk2@gmail.com - Gmail ‚Äî Mozilla Firefox",work
2025-08-19 22:26:24,2025-08-19 22:26:28,3,firefox.exe,Sign in - Google Accounts ‚Äî Mozilla Firefox,work
2025-08-19 22:26:30,2025-08-19 22:26:35,5,firefox.exe,Hi Konner ‚Äî Mozilla Firefox,work
2025-08-19 22:26:35,2025-08-19 22:26:39,3,firefox.exe,North Idaho STEM Charter Academy Mail ‚Äî Mozilla Firefox,work
2025-08-19 22:26:39,2025-08-19 22:26:48,9,firefox.exe,"Inbox (43,169) - 26knol.konn@northidahostem.org - North Idaho STEM Charter Academy Mail ‚Äî Mozilla Firefox",work
2025-08-19 22:26:48,2025-08-19 22:30:20,17,firefox.exe,Dashboard | Schoolhouse ‚Äî Mozilla Firefox,work
2025-08-19 22:29:42,2025-08-19 22:30:12,29,firefox.exe,Tutor Feedback | Schoolhouse ‚Äî Mozilla Firefox,work
2025-08-19 22:30:20,2025-08-19 22:30:33,12,firefox.exe,Math Bootcamp for the September 2025 SAT¬Æ | Schoolhouse ‚Äî Mozilla Firefox,work
2025-08-19 22:30:33,2025-08-19 22:30:37,4,firefox.exe,Math Bootcamp for the September 2025 SAT¬Æ | Messages | Schoolhouse ‚Äî Mozilla Firefox,work
2025-08-19 22:30:37,2025-08-19 22:30:47,10,firefox.exe,Math Bootcamp for the September 2025 SAT¬Æ | Members | Schoolhouse ‚Äî Mozilla Firefox,work
2025-08-19 22:30:47,2025-08-19 22:30:48,1,firefox.exe,Work : 00:13:51 ‚Äî Mozilla Firefox,work
2025-08-19 22:31:20,2025-08-19 22:49:11,812,firefox.exe,Thought Journal - Google Docs ‚Äî Mozilla Firefox,work
2025-08-19 22:35:51,2025-08-19 22:49:09,80,firefox.exe,Thought Journal - Google Docs ‚Äî Mozilla Firefox,unscheduled
2025-08-19 22:41:33,2025-08-19 22:42:01,28,Code.exe,‚óè main.py - 5217Timer - Visual Studio Code,work
2025-08-19 22:42:33,2025-08-19 22:42:39,5,Code.exe,‚óè state.py - 5217Timer - Visual Studio Code,work
2025-08-19 22:43:24,2025-08-19 22:43:27,3,ShellExperienceHost.exe,Windows Shell Experience Host,work
2025-08-19 22:44:44,2025-08-19 22:44:46,2,ShellExperienceHost.exe,New notification,work
2025-08-19 22:44:58,2025-08-19 22:44:59,1,firefox.exe,Rest : 00:16:41 ‚Äî Mozilla Firefox,work
2025-08-19 22:50:14,2025-08-19 22:59:36,416,python.exe,Pomodoro Tracker,unscheduled
2025-08-19 22:59:42,2025-08-19 23:00:00,18,python.exe,Pomodoro Tracker,break
2025-08-19 23:00:00,2025-08-19 23:45:12,740,python.exe,Pomodoro Tracker,break
2025-08-19 23:02:06,2025-08-19 23:02:07,1,ShellExperienceHost.exe,New notification,break
2025-08-19 23:02:13,2025-08-19 23:11:38,353,firefox.exe,Thought Journal - Google Docs ‚Äî Mozilla Firefox,break
2025-08-19 23:02:15,2025-08-19 23:09:16,5,firefox.exe,Rest : time expired! ‚Äî Mozilla Firefox,break
2025-08-19 23:03:45,2025-08-19 23:03:49,4,Code.exe,state.py - 5217Timer - Visual Studio Code,break
2025-08-19 23:09:16,2025-08-19 23:09:17,1,firefox.exe,Work : 00:52:00 ‚Äî Mozilla Firefox,break
2025-08-19 23:09:18,2025-08-19 23:09:19,1,firefox.exe,Work : 00:51:58 ‚Äî Mozilla Firefox,break
2025-08-19 23:09:19,2025-08-19 23:09:20,1,firefox.exe,Work : 00:51:57 ‚Äî Mozilla Firefox,break
2025-08-19 23:09:20,2025-08-19 23:09:21,1,firefox.exe,Work : 00:51:56 ‚Äî Mozilla Firefox,break
2025-08-19 23:09:21,2025-08-19 23:09:22,1,firefox.exe,Work : 00:51:55 ‚Äî Mozilla Firefox,break
2025-08-19 23:18:09,2025-08-19 23:53:22,477,python.exe,Pomodoro Tracker,work
2025-08-19 23:18:16,2025-08-19 23:18:17,1,AutoClicker.exe,Stopped - OP Auto Clicker 3.0,work
2025-08-19 23:18:17,2025-08-19 23:18:18,1,ShellExperienceHost.exe,Jump List for OP Auto Clicker,work
2025-08-19 23:19:19,2025-08-19 23:52:01,148,python.exe,Pomodoro Tracker,unscheduled
2025-08-19 23:21:32,2025-08-19 23:45:38,10,Code.exe,state.py - 5217Timer - Visual Studio Code,work
2025-08-19 23:21:33,2025-08-19 23:52:50,20,python.exe,Figure 1,work
2025-08-19 23:23:12,2025-08-19 23:57:28,44,Code.exe,logger.py - 5217Timer - Visual Studio Code,work
2025-08-19 23:23:18,2025-08-19 23:34:30,70,Code.exe,timer.py - 5217Timer - Visual Studio Code,work
2025-08-19 23:23:37,2025-08-19 23:45:37,4,Code.exe,notifier.py - 5217Timer - Visual Studio Code,work
2025-08-19 23:23:40,2025-08-19 23:58:32,13,Code.exe,idle_tracker.py - 5217Timer - Visual Studio Code,work
2025-08-19 23:23:50,2025-08-19 23:37:01,64,Code.exe,main.py - 5217Timer - Visual Studio Code,work
2025-08-19 23:24:04,2025-08-19 23:53:35,14,firefox.exe,Thought Journal - Google Docs ‚Äî Mozilla Firefox,work
2025-08-19 23:24:05,2025-08-19 23:59:46,853,firefox.exe,Timer app tracker guide ‚Äî Mozilla Firefox,work
2025-08-19 23:26:51,2025-08-19 23:26:52,1,Code.exe,tracker.py - 5217Timer - Visual Studio Code,work
2025-08-19 23:27:25,2025-08-19 23:27:26,1,Code.exe,‚óè timer.py - 5217Timer - Visual Studio Code,work
2025-08-19 23:27:48,2025-08-19 23:45:39,39,Code.exe,config.py - 5217Timer - Visual Studio Code,work
2025-08-19 23:29:00,2025-08-19 23:58:36,195,Code.exe,gui.py - 5217Timer - Visual Studio Code,work
2025-08-19 23:34:30,2025-08-19 23:34:57,27,Code.exe,usage_log.csv - 5217Timer - Visual Studio Code,work
2025-08-19 23:34:57,2025-08-19 23:58:33,5,Code.exe,file_summaries_cache.json - 5217Timer - Visual Studio Code,work
2025-08-19 23:35:56,2025-08-19 23:36:02,6,Code.exe,‚óè main.py - 5217Timer - Visual Studio Code,work
2025-08-19 23:37:16,2025-08-19 23:37:57,39,python.exe,AI Editor,work
2025-08-19 23:38:27,2025-08-19 23:56:43,97,firefox.exe,Timer app tracker guide ‚Äî Mozilla Firefox,unscheduled
2025-08-19 23:39:23,2025-08-20 00:00:00,160,Code.exe,‚óè gui.py - 5217Timer - Visual Studio Code,work
2025-08-19 23:43:02,2025-08-19 23:43:05,3,Code.exe,gui.py - 5217Timer - Visual Studio Code,break
2025-08-19 23:48:05,2025-08-19 23:59:48,25,Code.exe,‚óè logger.py - 5217Timer - Visual Studio Code,work
2025-08-20 00:00:00,2025-08-20 00:59:46,205,Code.exe,‚óè gui.py - 5217Timer - Visual Studio Code,work
2025-08-20 00:00:02,2025-08-20 00:00:03,1,WindowsTerminal.exe,Terminal,work
2025-08-20 00:00:03,2025-08-20 00:00:04,1,WindowsTerminal.exe,C:\WINDOWS\py.exe,work
2025-08-20 00:02:18,2025-08-20 00:59:45,274,Code.exe,gui.py - 5217Timer - Visual Studio Code,work
2025-08-20 00:02:22,2025-08-20 00:58:15,765,python.exe,Pomodoro Tracker,work
2025-08-20 00:03:09,2025-08-20 00:42:03,25,python.exe,Pomodoro Tracker,unscheduled
2025-08-20 00:05:15,2025-08-20 00:05:17,2,python.exe,AI Editor,work
2025-08-20 00:05:18,2025-08-20 00:05:20,2,WindowsTerminal.exe,Windows PowerShell,work
2025-08-20 00:05:30,2025-08-20 00:59:43,593,firefox.exe,Timer app tracker guide ‚Äî Mozilla Firefox,work
2025-08-20 00:07:45,2025-08-20 00:07:49,4,SearchHost.exe,Search,work
2025-08-20 00:20:39,2025-08-20 00:45:25,26,firefox.exe,Timer app tracker guide ‚Äî Mozilla Firefox,unscheduled
2025-08-20 00:22:12,2025-08-20 00:42:56,21,python.exe,Figure 1,work
2025-08-20 01:00:00,2025-08-20 01:01:05,18,Code.exe,gui.py - 5217Timer - Visual Studio Code,work
2025-08-20 01:00:03,2025-08-20 01:02:11,62,python.exe,Pomodoro Tracker,work
2025-08-20 01:00:26,2025-08-20 01:02:00,31,python.exe,Pomodoro Tracker,unscheduled
2025-08-20 01:01:54,2025-08-20 01:01:56,2,Code.exe,config.py - 5217Timer - Visual Studio Code,work
2025-08-22 17:52:22,2025-08-22 17:54:55,18,Code.exe,gui.py - 5217Timer - Visual Studio Code,work
2025-08-22 17:52:29,2025-08-22 17:54:54,68,python.exe,Pomodoro Tracker,work
2025-08-22 17:53:36,2025-08-22 17:54:51,62,firefox.exe,Timer app tracker guide ‚Äî Mozilla Firefox,work
2025-08-22 17:54:51,2025-08-22 17:54:52,1,firefox.exe,ChatGPT ‚Äî Mozilla Firefox,work
2025-08-22 18:24:35,2025-08-22 18:40:26,17,Code.exe,gui.py - 5217Timer - Visual Studio Code,work
2025-08-22 18:24:38,2025-08-22 18:56:07,20,python.exe,Pomodoro Tracker,work
2025-08-22 18:24:44,2025-08-22 18:56:05,3,WindowsTerminal.exe,konne@GamerParkerLaptop: ~,work
2025-08-22 18:24:46,2025-08-22 18:24:50,4,Code.exe,Welcome - konne [WSL: Ubuntu] - Visual Studio Code,work
2025-08-22 18:24:50,2025-08-22 18:25:00,6,Code.exe,konne [WSL: Ubuntu] - Visual Studio Code,work
2025-08-22 18:24:51,2025-08-22 18:27:40,44,firefox.exe,Get started: 2025FA CS-150-101 Computer Science I ‚Äî Mozilla Firefox,work
2025-08-22 18:25:00,2025-08-22 18:56:10,24,Code.exe,hello.cpp - konne [WSL: Ubuntu] - Visual Studio Code,work
2025-08-22 18:25:10,2025-08-22 18:25:17,7,Code.exe,‚óè hello.cpp - konne [WSL: Ubuntu] - Visual Studio Code,work
2025-08-22 18:25:38,2025-08-22 18:26:42,54,Code.exe,Extension: C/C++ Extension Pack - konne [WSL: Ubuntu] - Visual Studio Code,work
2025-08-22 18:26:42,2025-08-22 18:26:53,11,Code.exe,Extension: WSL - konne [WSL: Ubuntu] - Visual Studio Code,work
2025-08-22 18:26:53,2025-08-22 18:27:13,20,Code.exe,Extension: Doxygen Documentation Generator - konne [WSL: Ubuntu] - Visual Studio Code,work
2025-08-22 18:27:40,2025-08-22 18:28:49,34,firefox.exe,2025FA CS-150-101 Computer Science I ‚Äî Mozilla Firefox,work
2025-08-22 18:28:16,2025-08-22 18:29:52,22,firefox.exe,Guardians Inferno - The Sneepers [Guardians of the Galaxy: Vol. 2] Official Soundtrack - YouTube ‚Äî Mozilla Firefox,work
2025-08-22 18:28:49,2025-08-22 18:30:54,70,firefox.exe,Week 2: Introduction to C++: 2025FA CS-150-101 Computer Science I ‚Äî Mozilla Firefox,work
2025-08-22 18:29:32,2025-08-22 18:30:29,30,SearchHost.exe,Search,work
2025-08-22 18:29:52,2025-08-22 18:29:59,7,firefox.exe,The Chain - Fleetwood Mac [Guardians of the Galaxy: Vol. 2] Official Soundtrack - YouTube ‚Äî Mozilla Firefox,work
2025-08-22 18:30:54,2025-08-22 18:30:58,4,firefox.exe,Week 1: 2025FA CS-150-101 Computer Science I ‚Äî Mozilla Firefox,work
2025-08-22 18:30:58,2025-08-22 18:31:01,3,firefox.exe,Class Survey: 2025FA CS-150-101 Computer Science I ‚Äî Mozilla Firefox,work
2025-08-22 18:31:01,2025-08-22 19:00:00,672,firefox.exe,Survey: Class Survey ‚Äî Mozilla Firefox,work
2025-08-22 18:34:37,2025-08-22 18:54:38,13,firefox.exe,Mozilla Firefox,work
2025-08-22 18:34:39,2025-08-22 18:34:41,2,firefox.exe,netlogo at DuckDuckGo ‚Äî Mozilla Firefox,work
2025-08-22 18:34:51,2025-08-22 18:38:54,14,firefox.exe,Radiohead - Creep (Acoustic) ‚Äì Guardians of the Galaxy Vol. 3 Soundtrack - YouTube ‚Äî Mozilla Firefox,work
2025-08-22 18:35:11,2025-08-22 18:37:56,25,firefox.exe,u of i cs112 at DuckDuckGo ‚Äî Mozilla Firefox,work
2025-08-22 18:35:15,2025-08-22 18:37:48,48,firefox.exe,ENGR academics | University of Idaho ‚Äî Mozilla Firefox,work
2025-08-22 18:35:47,2025-08-22 18:36:34,20,firefox.exe,Search | University of Idaho ‚Äî Mozilla Firefox,work
2025-08-22 18:35:59,2025-08-22 18:36:26,27,firefox.exe,Dual credit | University of Idaho ‚Äî Mozilla Firefox,work
2025-08-22 18:36:38,2025-08-22 18:36:52,14,firefox.exe,CS 112 - Computational Thinking and Problem Solving at the University of Idaho | Coursicle U of I ‚Äî Mozilla Firefox,work
2025-08-22 18:37:18,2025-08-22 18:37:41,23,firefox.exe,Computer science (B.S.C.S.) | University of Idaho ‚Äî Mozilla Firefox,work
2025-08-22 18:37:56,2025-08-22 18:38:05,9,firefox.exe,CSX505.COMPTHINKING Computational Thinking and Problem Solving | University of Idaho Keep Learning ‚Äî Mozilla Firefox,work
2025-08-22 18:40:16,2025-08-22 18:40:19,3,firefox.exe,Heart - Crazy on You | Guardians of the Galaxy 3 Soundtrack - YouTube ‚Äî Mozilla Firefox,work
2025-08-22 18:40:22,2025-08-22 18:48:20,12,Discord.exe,#üß®ÔΩúspam | STEM Idiots‚Ñ¢ - Discord,work
2025-08-22 18:40:29,2025-08-22 18:41:11,42,Discord.exe,#üî¢ÔΩúcounting | STEM Idiots‚Ñ¢ - Discord,work
2025-08-22 18:41:11,2025-08-22 18:41:13,2,Discord.exe,#üí≠ÔΩúshower-thoughts | STEM Idiots‚Ñ¢ - Discord,work
2025-08-22 18:41:13,2025-08-22 18:41:15,2,Discord.exe,#üå≥ÔΩúgrow-a-tree | STEM Idiots‚Ñ¢ - Discord,work
2025-08-22 18:42:18,2025-08-22 18:42:58,39,firefox.exe,Survey: Class Survey ‚Äî Mozilla Firefox,unscheduled
2025-08-22 18:43:25,2025-08-22 18:49:24,169,firefox.exe,ChatGPT ‚Äî Mozilla Firefox,work
2025-08-22 18:43:39,2025-08-22 18:56:11,370,firefox.exe,High school vs college ‚Äî Mozilla Firefox,work
2025-08-22 18:49:24,2025-08-22 18:49:28,4,firefox.exe,Challenge reflection help ‚Äî Mozilla Firefox,work
2025-08-22 18:49:28,2025-08-22 18:50:21,52,firefox.exe,Framing challenges and mastery ‚Äî Mozilla Firefox,work
2025-08-22 18:52:46,2025-08-22 18:52:58,6,firefox.exe,Spacehog - In the Meantime Lyrics (Guardians of the Galaxy Vol 3 Soundtrack) - YouTube ‚Äî Mozilla Firefox,work
2025-08-22 18:52:48,2025-08-22 18:52:49,1,firefox.exe,Firefox View ‚Äî Mozilla Firefox,work
2025-08-22 18:53:41,2025-08-22 18:56:00,64,firefox.exe,EHAMIC - Koinu No Carnival Lyrics (From Guardians of the Galaxy 3 Soundtrack) - YouTube ‚Äî Mozilla Firefox,work
2025-08-22 18:54:38,2025-08-22 18:54:49,10,firefox.exe,guardians of the galaxy vocaloid at DuckDuckGo ‚Äî Mozilla Firefox,work
2025-08-22 18:54:49,2025-08-22 18:55:48,58,firefox.exe,Hatsune Miku now MCU canon after Vocaloid song in Guardians of the Galaxy 3 - Dexerto ‚Äî Mozilla Firefox,work
2025-08-22 19:00:00,2025-08-22 19:07:39,453,firefox.exe,Survey: Class Survey ‚Äî Mozilla Firefox,work
2025-08-22 19:07:39,2025-08-22 19:07:43,4,firefox.exe,Class Survey: 2025FA CS-150-101 Computer Science I ‚Äî Mozilla Firefox,work
2025-08-22 19:07:43,2025-08-22 19:13:04,37,firefox.exe,Grades for Konner Knoll: 2025FA CS-150-101 Computer Science I ‚Äî Mozilla Firefox,work
2025-08-22 19:07:51,2025-08-22 19:07:58,7,firefox.exe,Class Survey: Konner Knoll ‚Äî Mozilla Firefox,work
2025-08-22 19:08:06,2025-08-22 19:08:08,2,firefox.exe,Canvas LMS ‚Äî Mozilla Firefox,work
2025-08-22 19:08:08,2025-08-22 19:12:35,36,firefox.exe,PA 1 ‚Äî Mozilla Firefox,work
2025-08-22 19:08:29,2025-08-22 19:08:59,14,firefox.exe,Faith No More - We Care A Lot | Guardians of the Galaxy 3 Soundtrack - YouTube ‚Äî Mozilla Firefox,work
2025-08-22 19:08:34,2025-08-22 19:18:20,69,python.exe,Pomodoro Tracker,work
2025-08-22 19:08:39,2025-08-22 19:08:45,6,Code.exe,hello.cpp - konne [WSL: Ubuntu] - Visual Studio Code,work
2025-08-22 19:08:45,2025-08-22 19:08:47,2,WindowsTerminal.exe,konne@GamerParkerLaptop: ~,work
2025-08-22 19:09:43,2025-08-22 19:17:54,25,firefox.exe,Currency for video uploads ‚Äî Mozilla Firefox,work
2025-08-22 19:10:03,2025-08-22 19:10:15,12,firefox.exe,High school vs college ‚Äî Mozilla Firefox,work
2025-08-22 19:10:15,2025-08-22 19:10:34,19,firefox.exe,ChatGPT ‚Äî Mozilla Firefox,work
2025-08-22 19:10:34,2025-08-22 19:17:50,246,firefox.exe,Time Management Optimization ‚Äî Mozilla Firefox,work
2025-08-22 19:12:31,2025-08-22 19:17:57,18,firefox.exe,Mozilla Firefox,work
2025-08-22 19:12:44,2025-08-22 19:12:47,3,ShellExperienceHost.exe,Windows Shell Experience Host,work
2025-08-22 19:13:05,2025-08-22 19:13:09,4,firefox.exe,Dashboard ‚Äî Mozilla Firefox,work
2025-08-22 19:13:09,2025-08-22 19:13:30,21,firefox.exe,Calendar ‚Äî Mozilla Firefox,work
2025-08-22 19:13:30,2025-08-22 19:13:38,8,firefox.exe,2025FA SPAN-101-201 Elementary Spanish I ‚Äî Mozilla Firefox,work
2025-08-22 19:13:38,2025-08-22 19:13:45,6,firefox.exe,Inbox ‚Äî Mozilla Firefox,work
2025-08-22 19:13:45,2025-08-22 19:13:49,4,firefox.exe,MyNIC ‚Äî Mozilla Firefox,work
2025-08-22 19:13:52,2025-08-22 19:13:53,1,firefox.exe,Working... ‚Äî Mozilla Firefox,work
2025-08-22 19:13:53,2025-08-22 19:13:55,2,firefox.exe,Outlook ‚Äî Mozilla Firefox,work
2025-08-22 19:13:55,2025-08-22 19:17:47,37,firefox.exe,Mail - Konner Knoll - Outlook ‚Äî Mozilla Firefox,work
2025-08-22 19:14:29,2025-08-22 19:14:35,6,firefox.exe,(1) Alice Cooper - I'm Always Chasing Rainbows | Guardians of the Galaxy 3 Soundtrack - YouTube ‚Äî Mozilla Firefox,work
2025-08-22 19:14:35,2025-08-22 19:14:41,6,firefox.exe,Alice Cooper - I'm Always Chasing Rainbows | Guardians of the Galaxy 3 Soundtrack - YouTube ‚Äî Mozilla Firefox,work
2025-08-22 19:14:41,2025-08-22 19:14:47,6,firefox.exe,Beastie Boys - No Sleep Till Brooklyn | Guardians of the Galaxy 3 Soundtrack - YouTube ‚Äî Mozilla Firefox,work
2025-08-22 19:17:15,2025-08-22 19:17:16,1,SearchHost.exe,Search,work
2025-08-22 19:17:18,2025-08-22 19:17:22,4,HelpPane.exe,Windows Help and Support,work
2025-08-22 19:17:22,2025-08-22 19:17:24,2,msedge.exe,how to get help in windows 11 - Search and 1 more page - Profile 1 - Microsoft‚Äã Edge,work
2025-08-22 19:17:57,2025-08-22 19:18:03,5,firefox.exe,Supabase | The Postgres Development Platform. ‚Äî Mozilla Firefox,work
2025-08-22 19:18:03,2025-08-22 19:18:13,10,firefox.exe,Supabase ‚Äî Mozilla Firefox,work
2025-08-22 19:18:20,2025-08-22 19:33:02,860,python.exe,Pomodoro Tracker,break
2025-08-22 19:33:02,2025-08-22 19:33:04,2,firefox.exe,Supabase ‚Äî Mozilla Firefox,break
2025-08-22 19:33:04,2025-08-22 19:34:19,60,firefox.exe,ParkerHub | ParkerHub | Supabase ‚Äî Mozilla Firefox,break
2025-08-22 19:33:12,2025-08-22 19:33:35,14,firefox.exe,Currency for video uploads ‚Äî Mozilla Firefox,break
2025-08-22 19:34:19,2025-08-22 19:34:20,1,firefox.exe,Firefox View ‚Äî Mozilla Firefox,break
2025-08-22 19:34:20,2025-08-22 19:34:30,10,firefox.exe,The Replacements - I Will Dare | Guardians of the Galaxy 3 Soundtrack - YouTube ‚Äî Mozilla Firefox,break
2025-08-22 19:34:30,2025-08-22 19:34:52,22,firefox.exe,Bruce Springsteen - Badlands | Guardians of the Galaxy 3 Soundtrack - YouTube ‚Äî Mozilla Firefox,break
2025-08-22 19:34:52,2025-08-22 19:34:57,5,firefox.exe,Florence + The Machine - Dog Days Are Over | Guardians of the Galaxy 3 Soundtrack - YouTube ‚Äî Mozilla Firefox,break
2025-08-22 20:22:35,2025-08-22 20:22:38,3,Code.exe,gui.py - 5217Timer - Visual Studio Code,work
2025-08-22 20:22:38,2025-08-22 20:51:13,30,python.exe,Pomodoro Tracker,work
2025-08-22 20:23:26,2025-08-22 20:51:47,24,WindowsTerminal.exe,Windows PowerShell,work
2025-08-22 20:23:37,2025-08-22 20:38:22,5,Code.exe,base.html - ParkerHub - Visual Studio Code,work
2025-08-22 20:23:39,2025-08-22 20:47:58,6,firefox.exe,Timer app tracker guide ‚Äî Mozilla Firefox,work
2025-08-22 20:23:47,2025-08-22 20:34:17,10,python.exe,Pomodoro Tracker,unscheduled
2025-08-22 20:23:50,2025-08-22 20:23:57,7,firefox.exe,Timer app tracker guide ‚Äî Mozilla Firefox,unscheduled
2025-08-22 20:23:57,2025-08-22 20:33:15,14,firefox.exe,ParkerHub | ParkerHub | Supabase ‚Äî Mozilla Firefox,unscheduled
2025-08-22 20:23:58,2025-08-22 20:29:44,76,firefox.exe,„ÄêÂàùÈü≥„Éü„ÇØ„ÄëHatsune Miku - Idiolect„ÄêAlpaca Remix„Äë - YouTube ‚Äî Mozilla Firefox,unscheduled
2025-08-22 20:24:01,2025-08-22 20:33:19,220,firefox.exe,Currency for video uploads ‚Äî Mozilla Firefox,unscheduled
2025-08-22 20:24:04,2025-08-22 20:30:45,22,Code.exe,base.html - ParkerHub - Visual Studio Code,unscheduled
2025-08-22 20:24:07,2025-08-22 20:24:09,2,explorer.exe,Program Manager,unscheduled
2025-08-22 20:24:09,2025-08-22 20:25:27,12,Discord.exe,#üß®ÔΩúspam | STEM Idiots‚Ñ¢ - Discord,unscheduled
2025-08-22 20:24:12,2025-08-22 20:25:00,48,Discord.exe,#üî¢ÔΩúcounting | STEM Idiots‚Ñ¢ - Discord,unscheduled
2025-08-22 20:25:00,2025-08-22 20:25:14,13,Discord.exe,#ü¶ÖÔΩúpolitics | STEM Idiots‚Ñ¢ - Discord,unscheduled
2025-08-22 20:25:14,2025-08-22 20:25:16,2,Discord.exe,#üå≥ÔΩúgrow-a-tree | STEM Idiots‚Ñ¢ - Discord,unscheduled
2025-08-22 20:28:15,2025-08-22 20:28:24,9,Code.exe,upload_utils.py - ParkerHub - Visual Studio Code,unscheduled
2025-08-22 20:28:24,2025-08-22 20:28:40,16,Code.exe,upload.py - ParkerHub - Visual Studio Code,unscheduled
2025-08-22 20:28:40,2025-08-22 20:34:14,106,Code.exe,‚óè upload.py - ParkerHub - Visual Studio Code,unscheduled
2025-08-22 20:29:51,2025-08-22 20:30:04,13,firefox.exe,Nightcore - Disturbia - YouTube ‚Äî Mozilla Firefox,unscheduled
2025-08-22 20:30:45,2025-08-22 20:32:23,22,Code.exe,‚óè base.html - ParkerHub - Visual Studio Code,unscheduled
2025-08-22 20:32:23,2025-08-22 20:32:29,6,Code.exe,users.py - ParkerHub - Visual Studio Code,unscheduled
2025-08-22 20:32:29,2025-08-22 20:33:25,20,Code.exe,‚óè users.py - ParkerHub - Visual Studio Code,unscheduled
2025-08-22 20:34:32,2025-08-22 20:46:20,270,firefox.exe,Currency for video uploads ‚Äî Mozilla Firefox,work
2025-08-22 20:34:53,2025-08-22 20:47:08,16,Code.exe,‚óè upload.py - ParkerHub - Visual Studio Code,work
2025-08-22 20:34:56,2025-08-22 20:44:30,222,Code.exe,‚óè base.html - ParkerHub - Visual Studio Code,work
2025-08-22 20:35:45,2025-08-22 20:56:41,161,Code.exe,home.py - ParkerHub - Visual Studio Code,work
2025-08-22 20:36:22,2025-08-22 20:36:23,1,ShellExperienceHost.exe,Jump List for Visual Studio Code,work
2025-08-22 20:36:30,2025-08-22 20:36:52,22,Code.exe,auth.py - ParkerHub - Visual Studio Code,work
2025-08-22 20:36:52,2025-08-22 20:38:18,11,Code.exe,users_api.py - ParkerHub - Visual Studio Code,work
2025-08-22 20:37:00,2025-08-22 20:38:05,33,Code.exe,‚óè users_api.py - ParkerHub - Visual Studio Code,work
2025-08-22 20:37:17,2025-08-22 20:37:27,10,Code.exe,metadata.py - ParkerHub - Visual Studio Code,work
2025-08-22 20:37:27,2025-08-22 20:37:36,8,Code.exe,‚óè users.py - ParkerHub - Visual Studio Code,work
2025-08-22 20:37:36,2025-08-22 20:37:40,4,Code.exe,sessions.py - ParkerHub - Visual Studio Code,work
2025-08-22 20:37:40,2025-08-22 20:37:49,9,Code.exe,admin.py - ParkerHub - Visual Studio Code,work
2025-08-22 20:43:37,2025-08-22 20:43:38,1,Code.exe,style.css - ParkerHub - Visual Studio Code,work
2025-08-22 20:43:38,2025-08-22 20:44:19,27,Code.exe,‚óè style.css - ParkerHub - Visual Studio Code,work
2025-08-22 20:45:15,2025-08-22 20:49:08,49,Code.exe,‚óè home.py - ParkerHub - Visual Studio Code,work
2025-08-22 20:46:41,2025-08-22 20:53:34,41,firefox.exe,Mozilla Firefox,work
2025-08-22 20:46:44,2025-08-22 20:47:17,5,firefox.exe,Problem loading page ‚Äî Mozilla Firefox,work
2025-08-22 20:46:52,2025-08-22 20:47:22,13,Code.exe,upload.py - ParkerHub - Visual Studio Code,work
2025-08-22 20:47:58,2025-08-22 20:47:59,1,firefox.exe,ChatGPT ‚Äî Mozilla Firefox,work
2025-08-22 20:48:00,2025-08-22 20:48:01,1,firefox.exe,New Tab ‚Äî Mozilla Firefox,work
2025-08-22 20:48:05,2025-08-22 20:48:06,1,firefox.exe,CHRYSTAL - THE DAYS (NOTION REMIX) - YouTube ‚Äî Mozilla Firefox,work
2025-08-22 20:48:22,2025-08-22 20:56:03,12,firefox.exe,ParkerHub ‚Äî Mozilla Firefox,work
2025-08-22 20:50:07,2025-08-22 20:51:05,57,Code.exe,home.py - ParkerHub - Visual Studio Code,unscheduled
2025-08-22 20:51:11,2025-08-22 20:51:12,1,firefox.exe,ParkerHub | ParkerHub | Supabase ‚Äî Mozilla Firefox,work
2025-08-22 20:51:16,2025-08-22 20:51:17,1,explorer.exe,Program Manager,work
2025-08-22 20:51:17,2025-08-22 20:51:21,4,Discord.exe,#üß®ÔΩúspam | STEM Idiots‚Ñ¢ - Discord,work
2025-08-22 20:51:21,2025-08-22 20:52:08,20,Discord.exe,#üåçÔΩúfod | STEM Idiots‚Ñ¢ - Discord,work
2025-08-22 20:51:23,2025-08-22 20:51:26,3,SearchHost.exe,Search,work
2025-08-22 20:51:49,2025-08-22 20:51:52,3,Discord.exe,Open,work
2025-08-22 20:52:08,2025-08-22 20:52:12,4,Discord.exe,#üìàÔΩúlevel-ups | STEM Idiots‚Ñ¢ - Discord,work
2025-08-22 20:52:12,2025-08-22 21:00:00,289,Discord.exe,#üî¢ÔΩúcounting | STEM Idiots‚Ñ¢ - Discord,work
2025-08-22 20:53:25,2025-08-22 20:54:32,14,firefox.exe,Voting for counting | The #1 Discord Bot and Discord App List ‚Äî Mozilla Firefox,work
2025-08-22 20:53:34,2025-08-22 20:54:26,22,firefox.exe,Discord ‚Äî Mozilla Firefox,work
2025-08-22 20:53:37,2025-08-22 20:56:35,101,firefox.exe,Vote for counting | Discord Bots ‚Äî Mozilla Firefox,work
2025-08-22 20:53:42,2025-08-22 20:54:20,18,firefox.exe,Discord | Authorize access to your account ‚Äî Mozilla Firefox,work
2025-08-22 20:53:48,2025-08-22 20:53:51,3,firefox.exe,Sign In ‚Äî Mozilla Firefox,work
2025-08-22 20:56:35,2025-08-22 20:56:40,5,firefox.exe,Vote Review - counting | Discord Bots ‚Äî Mozilla Firefox,work
2025-08-22 21:00:00,2025-08-22 21:11:08,58,Discord.exe,#üî¢ÔΩúcounting | STEM Idiots‚Ñ¢ - Discord,work
2025-08-22 21:00:30,2025-08-22 21:11:10,46,Discord.exe,#üå≥ÔΩúgrow-a-tree | STEM Idiots‚Ñ¢ - Discord,work
2025-08-22 21:00:37,2025-08-22 21:04:35,17,Discord.exe,#üí¨general | Lobotomy Survivors - Discord,work
2025-08-22 21:01:05,2025-08-22 21:11:01,11,Discord.exe,#ü§ñÔΩúbot-commands | STEM Idiots‚Ñ¢ - Discord,work
2025-08-22 21:01:20,2025-08-22 21:10:41,77,Discord.exe,#ü§êÔΩúconfessions | STEM Idiots‚Ñ¢ - Discord,work
2025-08-22 21:02:08,2025-08-22 21:09:15,119,Discord.exe,#‚ùìÔΩúqod | STEM Idiots‚Ñ¢ - Discord,work
2025-08-22 21:04:35,2025-08-22 21:04:38,3,Discord.exe,#üì∏media | Lobotomy Survivors - Discord,work
2025-08-22 21:04:44,2025-08-22 21:04:57,13,SnippingTool.exe,Snipping Tool Overlay,work
2025-08-22 21:05:00,2025-08-22 21:05:03,3,firefox.exe,Vote Review - counting | Discord Bots ‚Äî Mozilla Firefox,work
2025-08-22 21:05:03,2025-08-22 21:05:17,4,firefox.exe,Mozilla Firefox,work
2025-08-22 21:05:04,2025-08-22 21:05:07,3,firefox.exe,"Free Online AI Photo Editor, Image Generator & Design tool ‚Äî Mozilla Firefox",work
2025-08-22 21:05:07,2025-08-22 21:09:47,200,firefox.exe,AI Photo Editor free : Pixlr Express - free ai image editing online ‚Äî Mozilla Firefox,work
2025-08-22 21:05:17,2025-08-22 21:10:34,26,firefox.exe,game and watch characte at DuckDuckGo ‚Äî Mozilla Firefox,work
2025-08-22 21:05:28,2025-08-22 21:10:45,4,firefox.exe,ParkerHub | ParkerHub | Supabase ‚Äî Mozilla Firefox,work
2025-08-22 21:07:21,2025-08-22 21:07:29,7,firefox.exe,File Upload,work
2025-08-22 21:07:31,2025-08-22 21:07:35,4,firefox.exe,[60fps Short] „É°„ÉÜ„Ç™ Meteor - Hatsune Miku ÂàùÈü≥„Éü„ÇØ Project DIVA Arcade English lyrics Romaji subtitles - YouTube ‚Äî Mozilla Firefox,work
2025-08-22 21:08:54,2025-08-22 21:10:58,54,firefox.exe,„Äå4K 60 fps„Äç World's End Dancehall („ÉØ„Éº„É´„Ç∫„Ç®„É≥„Éâ„Éª„ÉÄ„É≥„Çπ„Éõ„Éº„É´) / wowaka | Project DIVA Arcade Future Tone - YouTube ‚Äî Mozilla Firefox,work
2025-08-22 21:09:09,2025-08-22 21:11:18,5,Code.exe,home.py - ParkerHub - Visual Studio Code,work
2025-08-22 21:09:20,2025-08-22 21:09:23,3,Discord.exe,Open,work
2025-08-22 21:10:03,2025-08-22 21:58:17,43,python.exe,Pomodoro Tracker,work
2025-08-22 21:11:12,2025-08-22 21:11:13,1,Discord.exe,#üß®ÔΩúspam | STEM Idiots‚Ñ¢ - Discord,work
2025-08-22 21:11:19,2025-08-22 21:57:36,101,python.exe,Pomodoro Tracker,unscheduled
2025-08-22 21:12:58,2025-08-22 21:13:14,11,firefox.exe,Miku's Instant Crush - YouTube ‚Äî Mozilla Firefox,unscheduled
2025-08-22 21:13:05,2025-08-22 21:13:10,5,firefox.exe,YouTube ‚Äî Mozilla Firefox,unscheduled
2025-08-22 21:13:14,2025-08-22 21:21:32,480,firefox.exe,I Can't Believe He Just Said It - YouTube ‚Äî Mozilla Firefox,unscheduled
2025-08-22 21:18:29,2025-08-22 21:18:40,11,firefox.exe,(1) I Can't Believe He Just Said It - YouTube ‚Äî Mozilla Firefox,unscheduled
2025-08-22 21:21:32,2025-08-22 21:41:54,856,firefox.exe,there will Never Ever be another movie like Office Space - YouTube ‚Äî Mozilla Firefox,unscheduled
2025-08-22 21:34:18,2025-08-22 21:57:32,188,firefox.exe,Currency for video uploads ‚Äî Mozilla Firefox,unscheduled
2025-08-22 21:34:20,2025-08-22 21:57:19,18,firefox.exe,ParkerHub | ParkerHub | Supabase ‚Äî Mozilla Firefox,unscheduled
2025-08-22 21:34:32,2025-08-22 21:36:39,15,Discord.exe,#üß®ÔΩúspam | STEM Idiots‚Ñ¢ - Discord,unscheduled
2025-08-22 21:34:34,2025-08-22 21:34:39,5,Discord.exe,"""QOD 8/22/25"" | STEM Idiots‚Ñ¢ - Discord",unscheduled
2025-08-22 21:34:39,2025-08-22 21:36:16,37,Discord.exe,#‚ùìÔΩúqod | STEM Idiots‚Ñ¢ - Discord,unscheduled
2025-08-22 21:34:53,2025-08-22 21:35:13,19,Discord.exe,#üî¢ÔΩúcounting | STEM Idiots‚Ñ¢ - Discord,unscheduled
2025-08-22 21:35:13,2025-08-22 21:35:17,4,Discord.exe,#üòéÔΩúthe-cool-person-chat | STEM Idiots‚Ñ¢ - Discord,unscheduled
2025-08-22 21:35:24,2025-08-22 21:57:11,155,firefox.exe,ParkerHub ‚Äî Mozilla Firefox,unscheduled
2025-08-22 21:35:33,2025-08-22 21:49:33,140,Code.exe,home.py - ParkerHub - Visual Studio Code,unscheduled
2025-08-22 21:36:31,2025-08-22 21:36:33,2,Discord.exe,#üå≥ÔΩúgrow-a-tree | STEM Idiots‚Ñ¢ - Discord,unscheduled
2025-08-22 21:37:23,2025-08-22 21:50:37,43,Code.exe,base.html - ParkerHub - Visual Studio Code,unscheduled
2025-08-22 21:37:28,2025-08-22 21:40:01,37,Code.exe,style.css - ParkerHub - Visual Studio Code,unscheduled
2025-08-22 21:37:36,2025-08-22 21:39:26,23,Code.exe,‚óè style.css - ParkerHub - Visual Studio Code,unscheduled
2025-08-22 21:39:19,2025-08-22 21:39:20,1,Code.exe,Visual Studio Code,unscheduled
2025-08-22 21:39:37,2025-08-22 21:49:58,19,firefox.exe,My Site ‚Äî Mozilla Firefox,unscheduled
2025-08-22 21:39:45,2025-08-22 21:48:13,21,firefox.exe,Mozilla Firefox,unscheduled
2025-08-22 21:39:54,2025-08-22 21:39:55,1,ShellExperienceHost.exe,Jump List for Visual Studio Code,unscheduled
2025-08-22 21:40:01,2025-08-22 21:48:57,44,Code.exe,profile.py - ParkerHub - Visual Studio Code,unscheduled
2025-08-22 21:40:36,2025-08-22 21:48:10,101,Code.exe,‚óè home.py - ParkerHub - Visual Studio Code,unscheduled
2025-08-22 21:41:32,2025-08-22 21:48:02,66,Code.exe,home.html - ParkerHub - Visual Studio Code,unscheduled
2025-08-22 21:41:40,2025-08-22 21:47:41,15,Code.exe,‚óè home.html - ParkerHub - Visual Studio Code,unscheduled
2025-08-22 21:42:23,2025-08-22 21:44:23,30,Code.exe,profile.html - ParkerHub - Visual Studio Code,unscheduled
2025-08-22 21:44:10,2025-08-22 21:44:20,5,Code.exe,‚óè profile.html - ParkerHub - Visual Studio Code,unscheduled
2025-08-22 21:44:15,2025-08-22 21:44:16,1,Code.exe,hall_of_fame.html - ParkerHub - Visual Studio Code,unscheduled
2025-08-22 21:48:31,2025-08-22 21:48:42,8,firefox.exe,GamerParker123's AAAAAAAAAAAAAAAAAAAAAAAAAAAAAA ‚Äî Mozilla Firefox,unscheduled
2025-08-22 21:49:49,2025-08-22 21:49:52,3,firefox.exe,File Upload,unscheduled
2025-08-22 21:49:58,2025-08-22 21:54:49,12,firefox.exe,uhhuuu - Video ‚Äî Mozilla Firefox,unscheduled
2025-08-22 21:50:37,2025-08-22 21:52:30,30,Code.exe,users_api.py - ParkerHub - Visual Studio Code,unscheduled
2025-08-22 21:52:30,2025-08-22 21:56:34,12,Code.exe,main.py - ParkerHub - Visual Studio Code,unscheduled
2025-08-22 21:52:32,2025-08-22 21:54:46,60,Code.exe,‚óè main.py - ParkerHub - Visual Studio Code,unscheduled
2025-08-22 21:53:28,2025-08-22 21:53:29,1,Code.exe,auth.py - ParkerHub - Visual Studio Code,unscheduled
2025-08-22 21:53:29,2025-08-22 21:53:31,2,Code.exe,donations.py - ParkerHub - Visual Studio Code,unscheduled
2025-08-22 21:53:31,2025-08-22 21:53:33,2,Code.exe,follow.py - ParkerHub - Visual Studio Code,unscheduled
2025-08-22 21:53:33,2025-08-22 21:54:38,18,Code.exe,__init__.py - ParkerHub - Visual Studio Code,unscheduled
2025-08-22 21:53:39,2025-08-22 21:54:21,41,Code.exe,‚óè __init__.py - ParkerHub - Visual Studio Code,unscheduled
2025-08-22 21:55:01,2025-08-22 21:55:40,12,firefox.exe,nujnjujiiu - Video ‚Äî Mozilla Firefox,unscheduled
2025-08-22 21:55:17,2025-08-22 21:55:28,10,firefox.exe,death to america - Video ‚Äî Mozilla Firefox,unscheduled
2025-08-22 21:55:56,2025-08-22 21:56:04,8,firefox.exe,iiii - Video ‚Äî Mozilla Firefox,unscheduled
2025-08-22 21:56:10,2025-08-22 21:56:24,14,firefox.exe,rf - Video ‚Äî Mozilla Firefox,unscheduled
2025-08-22 21:56:51,2025-08-22 21:57:17,20,firefox.exe,Buckets | Supabase ‚Äî Mozilla Firefox,unscheduled
2025-08-22 21:57:11,2025-08-22 21:57:12,1,firefox.exe,Hall of Fame ‚Äî Mozilla Firefox,unscheduled
2025-08-22 21:58:17,2025-08-22 22:00:00,44,firefox.exe,Currency for video uploads ‚Äî Mozilla Firefox,work
2025-08-22 21:58:21,2025-08-22 21:58:26,5,Code.exe,main.py - ParkerHub - Visual Studio Code,work
2025-08-22 21:58:26,2025-08-22 21:58:38,9,Code.exe,login.html - ParkerHub - Visual Studio Code,work
2025-08-22 21:58:33,2025-08-22 21:58:47,4,firefox.exe,Hall of Fame ‚Äî Mozilla Firefox,work
2025-08-22 21:58:38,2025-08-22 21:59:39,19,Code.exe,profile.html - ParkerHub - Visual Studio Code,work
2025-08-22 21:58:47,2025-08-22 21:58:52,5,firefox.exe,Login ‚Äî Mozilla Firefox,work
2025-08-22 21:58:52,2025-08-22 21:59:21,8,firefox.exe,ParkerHub ‚Äî Mozilla Firefox,work
2025-08-22 21:59:39,2025-08-22 21:59:46,6,Code.exe,profile.py - ParkerHub - Visual Studio Code,work
2025-08-22 22:00:00,2025-08-22 22:50:37,740,firefox.exe,Currency for video uploads ‚Äî Mozilla Firefox,work
2025-08-22 22:00:14,2025-08-22 22:13:23,139,Code.exe,profile.py - ParkerHub - Visual Studio Code,work
2025-08-22 22:00:18,2025-08-22 22:00:19,1,Code.exe,hall_of_fame.html - ParkerHub - Visual Studio Code,work
2025-08-22 22:00:19,2025-08-22 22:05:17,66,Code.exe,base.html - ParkerHub - Visual Studio Code,work
2025-08-22 22:03:19,2025-08-22 22:09:02,2,Code.exe,upload.py - ParkerHub - Visual Studio Code,work
2025-08-22 22:03:30,2025-08-22 22:13:22,100,Code.exe,‚óè profile.py - ParkerHub - Visual Studio Code,work
2025-08-22 22:05:17,2025-08-22 22:05:18,1,Code.exe,notifications.py - ParkerHub - Visual Studio Code,work
2025-08-22 22:05:56,2025-08-22 22:49:02,29,firefox.exe,ParkerHub ‚Äî Mozilla Firefox,work
2025-08-22 22:06:03,2025-08-22 22:50:53,35,firefox.exe,Mozilla Firefox,work
2025-08-22 22:06:09,2025-08-22 22:07:05,27,Code.exe,users.py - ParkerHub - Visual Studio Code,work
2025-08-22 22:07:32,2025-08-22 22:49:12,46,firefox.exe,GamerParker123's AAAAAAAAAAAAAAAAAAAAAAAAAAAAAA ‚Äî Mozilla Firefox,work
2025-08-22 22:08:00,2025-08-22 22:43:46,77,Code.exe,profile.html - ParkerHub - Visual Studio Code,work
2025-08-22 22:08:21,2025-08-22 22:10:44,8,Code.exe,‚óè profile.html - ParkerHub - Visual Studio Code,work
2025-08-22 22:13:47,2025-08-22 22:13:50,3,firefox.exe,Notifications ‚Äî Mozilla Firefox,work
2025-08-22 22:14:04,2025-08-22 22:14:14,10,firefox.exe,Insanity SMP - Video ‚Äî Mozilla Firefox,work
2025-08-22 22:14:14,2025-08-22 22:34:26,7,python.exe,Pomodoro Tracker,work
2025-08-22 22:14:19,2025-08-22 22:34:24,25,python.exe,Pomodoro Tracker,break
2025-08-22 22:14:32,2025-08-22 22:19:02,72,firefox.exe,Insanity SMP - Video ‚Äî Mozilla Firefox,break
2025-08-22 22:15:40,2025-08-22 22:24:15,50,firefox.exe,ParkerHub ‚Äî Mozilla Firefox,break
2025-08-22 22:15:45,2025-08-22 22:17:31,27,firefox.exe,uhhuuu - Video ‚Äî Mozilla Firefox,break
2025-08-22 22:15:54,2025-08-22 22:19:07,30,firefox.exe,GamerParker123's AAAAAAAAAAAAAAAAAAAAAAAAAAAAAA ‚Äî Mozilla Firefox,break
2025-08-22 22:16:02,2025-08-22 22:16:05,3,firefox.exe,Notifications ‚Äî Mozilla Firefox,break
2025-08-22 22:16:08,2025-08-22 22:16:14,6,firefox.exe,My Site ‚Äî Mozilla Firefox,break
2025-08-22 22:16:37,2025-08-22 22:16:46,9,Code.exe,profile.py - ParkerHub - Visual Studio Code,break
2025-08-22 22:16:46,2025-08-22 22:17:04,13,Code.exe,profile.html - ParkerHub - Visual Studio Code,break
2025-08-22 22:16:58,2025-08-22 22:17:03,5,Code.exe,‚óè profile.html - ParkerHub - Visual Studio Code,break
2025-08-22 22:17:39,2025-08-22 22:18:41,18,firefox.exe,thelastdraw's P ‚Äî Mozilla Firefox,break
2025-08-22 22:17:41,2025-08-22 22:18:25,39,firefox.exe,hat - Video ‚Äî Mozilla Firefox,break
2025-08-22 22:18:47,2025-08-22 22:22:28,49,firefox.exe,Mozilla Firefox,break
2025-08-22 22:19:07,2025-08-22 22:19:13,6,firefox.exe,Admin's Page ‚Äî Mozilla Firefox,break
2025-08-22 22:19:13,2025-08-22 22:19:34,20,firefox.exe,test's test ‚Äî Mozilla Firefox,break
2025-08-22 22:19:34,2025-08-22 22:34:12,602,firefox.exe,there will Never Ever be another movie like Office Space - YouTube ‚Äî Mozilla Firefox,break
2025-08-22 22:19:47,2025-08-22 22:19:51,4,ShellExperienceHost.exe,Notification Center,break
2025-08-22 22:19:51,2025-08-22 22:19:59,4,ShellHost.exe,Quick settings,break
2025-08-22 22:19:59,2025-08-22 22:22:02,60,ApplicationFrameHost.exe,Settings,break
2025-08-22 22:20:52,2025-08-22 22:22:09,27,firefox.exe,00325-82243-90262-AAOEM at DuckDuckGo ‚Äî Mozilla Firefox,break
2025-08-22 22:22:14,2025-08-22 22:22:53,15,firefox.exe,hp pavilion gaming laptop 15-dk1xxx at DuckDuckGo ‚Äî Mozilla Firefox,break
2025-08-22 22:22:28,2025-08-22 22:22:50,12,firefox.exe,HP Pavilion Gaming Laptop 15-dk1xxx (2R1H9UW) | HP¬Æ Support ‚Äî Mozilla Firefox,break
2025-08-22 22:22:39,2025-08-22 22:22:49,10,firefox.exe,HP Pavilion Gaming Laptop 15-dk1xxx (2R1H9UW) - Specifications & Accessories | HP¬Æ Support ‚Äî Mozilla Firefox,break
2025-08-22 22:22:53,2025-08-22 22:23:18,14,firefox.exe,hp pavilion gaming laptop 15-dk1xxx dimensions at DuckDuckGo ‚Äî Mozilla Firefox,break
2025-08-22 22:23:01,2025-08-22 22:23:12,9,firefox.exe,"HP Pavilion Gaming 15-dk1000 - i5-10300H ¬∑ GTX 1650 ¬∑ 15.6‚Äù, Full HD (1920 x 1080), IPS ¬∑ 128GB SSD ¬∑ 1TB HDD, 5400 rpm ¬∑ 8GB DDR4 ¬∑ Windows 10 Home | LaptopMedia.com ‚Äî Mozilla Firefox",break
2025-08-22 22:23:18,2025-08-22 22:24:12,51,firefox.exe,"HP Pavilion Gaming Laptop 15 (2021): full specs, tests and user reviews ‚Äî Mozilla Firefox",break
2025-08-22 22:34:16,2025-08-22 22:34:17,1,WindowsTerminal.exe,Windows PowerShell,break
2025-08-22 22:34:26,2025-08-22 22:39:52,20,firefox.exe,there will Never Ever be another movie like Office Space - YouTube ‚Äî Mozilla Firefox,work
2025-08-22 22:34:42,2025-08-22 22:39:47,31,firefox.exe,YouTube ‚Äî Mozilla Firefox,work
2025-08-22 22:35:12,2025-08-22 22:39:45,67,firefox.exe,Michiel van den Bos - Foregone Destruction : UT (1999) - Facing Worlds - YouTube ‚Äî Mozilla Firefox,work
2025-08-22 22:39:52,2025-08-22 22:39:59,7,firefox.exe,Mary Hopkin ~ Those Were The Days (1968) - YouTube ‚Äî Mozilla Firefox,work
2025-08-22 22:40:33,2025-08-22 22:43:14,74,firefox.exe,ParkerHub | ParkerHub | Supabase ‚Äî Mozilla Firefox,work
2025-08-22 22:43:46,2025-08-22 22:51:12,96,Code.exe,focus_tree.py - ParkerHub - Visual Studio Code,work
2025-08-22 22:43:47,2025-08-22 22:51:08,126,Code.exe,‚óè focus_tree.py - ParkerHub - Visual Studio Code,work
2025-08-22 22:44:12,2025-08-22 22:44:14,2,Code.exe,__init__.py - ParkerHub - Visual Studio Code,work
2025-08-22 22:44:14,2025-08-22 22:44:39,25,Code.exe,‚óè __init__.py - ParkerHub - Visual Studio Code,work
2025-08-22 22:44:39,2025-08-22 22:44:41,2,Code.exe,main.py - ParkerHub - Visual Studio Code,work
2025-08-22 22:44:41,2025-08-22 22:45:12,28,Code.exe,‚óè main.py - ParkerHub - Visual Studio Code,work
2025-08-22 22:46:59,2025-08-22 22:47:06,6,Code.exe,default_avatar.png - ParkerHub - Visual Studio Code,work
2025-08-22 22:47:06,2025-08-22 22:47:25,12,Code.exe,‚óè skills.html - ParkerHub - Visual Studio Code,work
2025-08-22 22:47:13,2025-08-22 22:47:20,7,Code.exe,home.html - ParkerHub - Visual Studio Code,work
2025-08-22 22:47:25,2025-08-22 22:47:29,4,Code.exe,skills.html - ParkerHub - Visual Studio Code,work
2025-08-22 22:47:33,2025-08-22 22:48:01,15,Code.exe,follow.py - ParkerHub - Visual Studio Code,work
2025-08-22 22:48:22,2025-08-22 22:51:04,19,Code.exe,home.py - ParkerHub - Visual Studio Code,work
2025-08-22 22:48:23,2025-08-22 22:48:25,2,explorer.exe,Program Manager,work
2025-08-22 22:51:12,2025-08-22 22:51:13,1,ApplicationFrameHost.exe,Settings,work
2025-08-23 17:15:51,2025-08-23 17:15:54,3,WindowsTerminal.exe,Windows PowerShell,work
2025-08-23 17:15:54,2025-08-23 17:50:49,20,python.exe,Pomodoro Tracker,work
2025-08-23 17:16:04,2025-08-23 17:59:49,857,firefox.exe,Streamlit ‚Äî Mozilla Firefox,work
2025-08-23 17:16:10,2025-08-23 17:55:55,174,Code.exe,memory_manager.py - Chatbot Project - Visual Studio Code,work
2025-08-23 17:16:23,2025-08-23 17:59:50,932,firefox.exe,Connect main.py with chat_ui.py ‚Äî Mozilla Firefox,work
2025-08-23 17:17:47,2025-08-23 17:55:33,164,Code.exe,‚óè memory_manager.py - Chatbot Project - Visual Studio Code,work
2025-08-23 17:18:33,2025-08-23 17:55:59,50,Code.exe,chatbot.py - Chatbot Project - Visual Studio Code,work
2025-08-23 17:19:10,2025-08-23 17:41:13,19,Code.exe,llm_wrapper.py - Chatbot Project - Visual Studio Code,work
2025-08-23 17:21:11,2025-08-23 17:56:41,35,Code.exe,‚óè chatbot.py - Chatbot Project - Visual Studio Code,work
2025-08-23 17:21:58,2025-08-23 18:00:00,146,Code.exe,chat_ui.py - Chatbot Project - Visual Studio Code,work
2025-08-23 17:23:19,2025-08-23 17:59:19,40,Code.exe,‚óè chat_ui.py - Chatbot Project - Visual Studio Code,work
2025-08-23 17:23:55,2025-08-23 17:24:19,3,Code.exe,Visual Studio Code,work
2025-08-23 17:23:58,2025-08-23 17:24:00,2,firefox.exe,dreamloader - space.info - YouTube ‚Äî Mozilla Firefox,work
2025-08-23 17:24:34,2025-08-23 17:24:35,1,firefox.exe,Mozilla Firefox,work
2025-08-23 17:30:23,2025-08-23 17:30:33,10,firefox.exe,Nightcore - How Do You Do - YouTube ‚Äî Mozilla Firefox,work
2025-08-23 17:30:33,2025-08-23 17:30:35,2,firefox.exe,rl1805 - blue feat. rollin9girl - YouTube ‚Äî Mozilla Firefox,work
2025-08-23 17:31:19,2025-08-23 17:39:57,22,Code.exe,chat_history.json - Chatbot Project - Visual Studio Code,work
2025-08-23 17:31:43,2025-08-23 17:46:22,5,Code.exe,journal.py - Chatbot Project - Visual Studio Code,work
2025-08-23 17:33:42,2025-08-23 17:33:46,3,firefox.exe,RUNNING IN THE 90'S - YouTube ‚Äî Mozilla Firefox,work
2025-08-23 17:38:24,2025-08-23 17:38:36,11,firefox.exe,Manuel - Gas Gas Gas - YouTube ‚Äî Mozilla Firefox,work
2025-08-23 17:39:57,2025-08-23 17:40:00,3,Code.exe,context.json - Chatbot Project - Visual Studio Code,work
2025-08-23 17:41:02,2025-08-23 17:55:56,9,Code.exe,emotion.py - Chatbot Project - Visual Studio Code,work
2025-08-23 17:43:21,2025-08-23 17:43:23,2,firefox.exe,825hp (Prismatic Mix) - YouTube ‚Äî Mozilla Firefox,work
2025-08-23 17:46:24,2025-08-23 17:48:54,70,Code.exe,prompt_engineering.py - Chatbot Project - Visual Studio Code,work
2025-08-23 17:46:43,2025-08-23 17:47:39,17,Code.exe,‚óè prompt_engineering.py - Chatbot Project - Visual Studio Code,work
2025-08-23 17:54:39,2025-08-23 17:54:40,1,ShellExperienceHost.exe,Jump List for Visual Studio Code,work
2025-08-23 18:00:00,2025-08-23 18:59:02,225,Code.exe,chat_ui.py - Chatbot Project - Visual Studio Code,work
2025-08-23 18:00:09,2025-08-23 18:58:49,717,firefox.exe,Streamlit ‚Äî Mozilla Firefox,work
2025-08-23 18:00:11,2025-08-23 18:59:41,1171,firefox.exe,Connect main.py with chat_ui.py ‚Äî Mozilla Firefox,work
2025-08-23 18:02:03,2025-08-23 18:59:51,202,Code.exe,chatbot.py - Chatbot Project - Visual Studio Code,work
2025-08-23 18:02:06,2025-08-23 18:57:20,164,Code.exe,‚óè chatbot.py - Chatbot Project - Visual Studio Code,work
2025-08-23 18:02:14,2025-08-23 18:59:47,287,Code.exe,memory_manager.py - Chatbot Project - Visual Studio Code,work
2025-08-23 18:02:37,2025-08-23 18:57:21,11,Code.exe,journal.py - Chatbot Project - Visual Studio Code,work
2025-08-23 18:04:27,2025-08-23 18:56:16,6,Code.exe,emotion.py - Chatbot Project - Visual Studio Code,work
2025-08-23 18:05:02,2025-08-23 18:08:58,6,firefox.exe,...see you to_no_more - YouTube ‚Äî Mozilla Firefox,work
2025-08-23 18:06:13,2025-08-23 18:57:22,60,Code.exe,llm_wrapper.py - Chatbot Project - Visual Studio Code,work
2025-08-23 18:06:17,2025-08-23 18:54:50,318,Code.exe,‚óè memory_manager.py - Chatbot Project - Visual Studio Code,work
2025-08-23 18:08:44,2025-08-23 18:08:57,13,firefox.exe,YouTube ‚Äî Mozilla Firefox,work
2025-08-23 18:09:50,2025-08-23 18:46:17,89,Code.exe,‚óè chat_ui.py - Chatbot Project - Visual Studio Code,work
2025-08-23 18:14:27,2025-08-23 18:14:28,1,Code.exe,miku.jpg - Chatbot Project - Visual Studio Code,work
2025-08-23 18:16:05,2025-08-23 18:16:44,5,Code.exe,personality.py - Chatbot Project - Visual Studio Code,work
2025-08-23 18:20:07,2025-08-23 18:20:20,9,Code.exe,chat_history.json - Chatbot Project - Visual Studio Code,work
2025-08-23 18:20:13,2025-08-23 18:55:07,27,Code.exe,Visual Studio Code,work
2025-08-23 18:20:15,2025-08-23 18:48:42,9,Code.exe,traits.json - Chatbot Project - Visual Studio Code,work
2025-08-23 18:20:57,2025-08-23 18:36:32,9,python.exe,Pomodoro Tracker,work
2025-08-23 18:23:42,2025-08-23 18:24:09,23,firefox.exe,clubbed to death - Matrix soundtrack - YouTube ‚Äî Mozilla Firefox,work
2025-08-23 18:30:08,2025-08-23 18:30:17,9,firefox.exe,Green Day - Boulevard Of Broken Dreams [Official Music Video] [4K Upgrade] - YouTube ‚Äî Mozilla Firefox,work
2025-08-23 18:30:46,2025-08-23 19:00:00,120,Code.exe,prompt_engineering.py - Chatbot Project - Visual Studio Code,work
2025-08-23 18:31:39,2025-08-23 18:58:08,36,Code.exe,‚óè prompt_engineering.py - Chatbot Project - Visual Studio Code,work
2025-08-23 18:44:11,2025-08-23 18:52:54,2,firefox.exe,Mozilla Firefox,work
2025-08-23 18:50:33,2025-08-23 18:50:34,1,Code.exe,.env - Chatbot Project - Visual Studio Code,work
2025-08-23 19:00:00,2025-08-23 19:18:47,137,Code.exe,prompt_engineering.py - Chatbot Project - Visual Studio Code,work
2025-08-23 19:00:01,2025-08-23 19:17:59,142,Code.exe,‚óè prompt_engineering.py - Chatbot Project - Visual Studio Code,work
2025-08-23 19:00:08,2025-08-23 19:22:59,392,firefox.exe,Connect main.py with chat_ui.py ‚Äî Mozilla Firefox,work
2025-08-23 19:00:09,2025-08-23 19:22:57,397,firefox.exe,Streamlit ‚Äî Mozilla Firefox,work
2025-08-23 19:05:16,2025-08-23 19:10:54,23,Code.exe,chatbot.py - Chatbot Project - Visual Studio Code,work
2025-08-23 19:05:21,2025-08-23 19:23:08,182,Code.exe,memory_manager.py - Chatbot Project - Visual Studio Code,work
2025-08-23 19:05:28,2025-08-23 19:05:31,3,Code.exe,journal.py - Chatbot Project - Visual Studio Code,work
2025-08-23 19:05:46,2025-08-23 19:09:34,28,Code.exe,chat_ui.py - Chatbot Project - Visual Studio Code,work
2025-08-23 19:06:24,2025-08-23 19:21:13,3,Code.exe,Visual Studio Code,work
2025-08-23 19:09:49,2025-08-23 19:20:25,24,Code.exe,‚óè memory_manager.py - Chatbot Project - Visual Studio Code,work
2025-08-23 19:10:23,2025-08-23 19:13:02,9,Code.exe,llm_wrapper.py - Chatbot Project - Visual Studio Code,work
2025-08-23 19:10:34,2025-08-23 19:10:39,5,Code.exe,‚óè chatbot.py - Chatbot Project - Visual Studio Code,work
2025-08-23 19:12:01,2025-08-23 19:12:02,1,ShellExperienceHost.exe,Jump List for Firefox,work
2025-08-23 19:15:57,2025-08-23 19:15:58,1,firefox.exe,Mozilla Firefox,work
2025-08-23 19:21:36,2025-08-23 19:21:53,12,firefox.exe,[Miku & Luka sing like humans] Ai Dee feat. Hatsune Miku & Megurine Luka [Official PV] - YouTube ‚Äî Mozilla Firefox,work
2025-08-23 19:23:08,2025-08-23 19:23:15,7,python.exe,Pomodoro Tracker,work
2025-08-23 19:23:15,2025-08-23 19:31:20,21,python.exe,Pomodoro Tracker,break
2025-08-23 19:23:34,2025-08-23 19:30:26,9,firefox.exe,Connect main.py with chat_ui.py ‚Äî Mozilla Firefox,break
2025-08-23 19:23:37,2025-08-23 19:23:44,7,firefox.exe,[Miku & Luka sing like humans] Ai Dee feat. Hatsune Miku & Megurine Luka [Official PV] - YouTube ‚Äî Mozilla Firefox,break
2025-08-23 19:23:45,2025-08-23 19:24:38,7,Code.exe,memory_manager.py - Chatbot Project - Visual Studio Code,break
2025-08-23 19:23:46,2025-08-23 19:31:13,15,WindowsTerminal.exe,Windows PowerShell,break
2025-08-23 19:23:55,2025-08-23 19:24:01,6,explorer.exe,Program Manager,break
2025-08-23 19:24:01,2025-08-23 19:24:06,5,Discord.exe,Discord,break
2025-08-23 19:24:06,2025-08-23 19:24:08,2,Discord.exe, - Discord,break
2025-08-23 19:24:08,2025-08-23 19:24:33,14,firefox.exe,The Mamas & The Papas - California Dreamin' - YouTube ‚Äî Mozilla Firefox,break
2025-08-23 19:24:22,2025-08-23 19:24:24,2,Discord.exe,Friends - Discord,break
2025-08-23 19:24:24,2025-08-23 20:00:00,1707,Discord.exe,#üß®ÔΩúspam | STEM Idiots‚Ñ¢ - Discord,break
2025-08-23 19:24:28,2025-08-23 19:27:04,145,Discord.exe,#ü§ñÔΩúbot-commands | STEM Idiots‚Ñ¢ - Discord,break
2025-08-23 19:27:04,2025-08-23 19:27:49,28,Discord.exe,#üå≥ÔΩúgrow-a-tree | STEM Idiots‚Ñ¢ - Discord,break
2025-08-23 19:27:30,2025-08-23 19:30:08,22,Discord.exe,#general | 2026 babyyy - Discord,break
2025-08-23 19:27:50,2025-08-23 19:31:00,7,SearchHost.exe,Search,break
2025-08-23 19:27:54,2025-08-23 19:27:58,4,msedge.exe,New tab - Profile 1 - Microsoft‚Äã Edge,break
2025-08-23 19:27:58,2025-08-23 19:28:01,3,msedge.exe,Discord - Group Chat That‚Äôs All Fun & Games - Profile 1 - Microsoft‚Äã Edge,break
2025-08-23 19:28:01,2025-08-23 19:28:06,5,msedge.exe,Discord - Profile 1 - Microsoft‚Äã Edge,break
2025-08-23 19:28:06,2025-08-23 19:28:07,1,msedge.exe,Discord | Friends - Profile 1 - Microsoft‚Äã Edge,break
2025-08-23 19:28:07,2025-08-23 19:28:09,2,msedge.exe,(890) Discord | Friends - Profile 1 - Microsoft‚Äã Edge,break
2025-08-23 19:28:09,2025-08-23 19:29:58,5,msedge.exe,(890) Discord | #üí¨ÔΩúgeneral | The Kodiak Republic - Profile 1 - Microsoft‚Äã Edge,break
2025-08-23 19:28:11,2025-08-23 19:28:40,28,msedge.exe,(890) Discord | #‚òïÔΩúoff-topic | The Kodiak Republic - Profile 1 - Microsoft‚Äã Edge,break
2025-08-23 19:28:40,2025-08-23 19:29:01,21,msedge.exe,(890) Discord | #‚õΩÔΩúrl-politics | The Kodiak Republic - Profile 1 - Microsoft‚Äã Edge,break
2025-08-23 19:29:01,2025-08-23 19:29:56,36,msedge.exe,(890) Discord | #üß†ÔΩúmeta | The Kodiak Republic - Profile 1 - Microsoft‚Äã Edge,break
2025-08-23 19:29:30,2025-08-23 19:29:36,6,msedge.exe,(890) Discord | #üééÔΩúgaming-general | The Kodiak Republic - Profile 1 - Microsoft‚Äã Edge,break
2025-08-23 19:29:36,2025-08-23 19:29:41,5,msedge.exe,(890) Discord | #ü™ôÔΩúparadox | The Kodiak Republic - Profile 1 - Microsoft‚Äã Edge,break
2025-08-23 19:29:41,2025-08-23 19:29:46,5,msedge.exe,(890) Discord | #üè¢ÔΩúsimcompany | The Kodiak Republic - Profile 1 - Microsoft‚Äã Edge,break
2025-08-23 19:30:10,2025-08-23 19:30:22,12,firefox.exe,Death By Glamour - YouTube ‚Äî Mozilla Firefox,break
2025-08-23 19:30:22,2025-08-23 19:30:50,22,firefox.exe,YouTube ‚Äî Mozilla Firefox,break
2025-08-23 19:30:33,2025-08-23 19:30:36,3,firefox.exe,(2) YouTube ‚Äî Mozilla Firefox,break
2025-08-23 19:30:50,2025-08-23 19:30:54,4,firefox.exe,Subscriptions - YouTube ‚Äî Mozilla Firefox,break
2025-08-23 19:31:10,2025-08-23 19:31:12,2,python.exe,Smart MP3 Player,break
2025-08-23 20:00:00,2025-08-23 20:55:02,579,Discord.exe,#üß®ÔΩúspam | STEM Idiots‚Ñ¢ - Discord,break
2025-08-23 20:09:40,2025-08-23 20:09:41,1,Discord.exe,"""Tree Chat üçÉ"" | STEM Idiots‚Ñ¢ - Discord",break
2025-08-23 20:09:41,2025-08-23 20:54:59,16,Discord.exe,#üå≥ÔΩúgrow-a-tree | STEM Idiots‚Ñ¢ - Discord,break
2025-08-23 20:09:44,2025-08-23 20:09:45,1,Discord.exe,#üí¨‚îÇgeneral | > Oli‚Äôs Cool Kids Club < - Discord,break
2025-08-23 20:09:50,2025-08-23 20:09:54,2,firefox.exe,Mozilla Firefox,break
2025-08-23 20:09:54,2025-08-23 20:14:44,29,firefox.exe,Instagram ‚Äî Mozilla Firefox,break
2025-08-23 20:09:59,2025-08-23 20:10:04,5,firefox.exe,(3) Instagram ‚Äî Mozilla Firefox,break
2025-08-23 20:10:04,2025-08-23 20:10:06,2,firefox.exe,(3) Inbox ‚Ä¢ Chats ‚Äî Mozilla Firefox,break
2025-08-23 20:10:06,2025-08-23 20:11:03,56,firefox.exe,(2) Inbox ‚Ä¢ Chats ‚Äî Mozilla Firefox,break
2025-08-23 20:11:03,2025-08-23 20:11:05,2,firefox.exe,(1) Inbox ‚Ä¢ Chats ‚Äî Mozilla Firefox,break
2025-08-23 20:11:05,2025-08-23 20:14:18,190,firefox.exe,Inbox ‚Ä¢ Chats ‚Äî Mozilla Firefox,break
2025-08-23 20:14:44,2025-08-23 20:54:32,94,firefox.exe,YouTube ‚Äî Mozilla Firefox,break
2025-08-23 20:14:53,2025-08-23 20:15:03,4,firefox.exe,teacher n word real life - YouTube ‚Äî Mozilla Firefox,break
2025-08-23 20:15:01,2025-08-23 20:19:23,235,firefox.exe,"Teacher Calls Student the ""N"" Word - YouTube ‚Äî Mozilla Firefox",break
2025-08-23 20:16:10,2025-08-23 20:55:06,9,python.exe,Pomodoro Tracker,break
2025-08-23 20:16:13,2025-08-23 20:16:20,7,python.exe,Smart MP3 Player,break
2025-08-23 20:19:11,2025-08-23 20:19:21,10,firefox.exe,kfc closed - YouTube ‚Äî Mozilla Firefox,break
2025-08-23 20:19:23,2025-08-23 20:22:19,158,firefox.exe,Popeyes Runs Out of Chicken - White Guy Indifferent - YouTube ‚Äî Mozilla Firefox,break
2025-08-23 20:19:28,2025-08-23 20:25:49,43,firefox.exe,popeyes runs out of chicken - YouTube ‚Äî Mozilla Firefox,break
2025-08-23 20:22:19,2025-08-23 20:25:51,181,firefox.exe,The Boondocks Out of Chicken - YouTube ‚Äî Mozilla Firefox,break
2025-08-23 20:25:51,2025-08-23 20:33:56,285,firefox.exe,Popeyes Cheddar Biscuit Butterfly Shrimp - Food Review - YouTube ‚Äî Mozilla Firefox,break
2025-08-23 20:30:50,2025-08-23 20:32:09,78,firefox.exe,2024 RNC vs. Idiocracy (2006) üá∫üá∏ - YouTube ‚Äî Mozilla Firefox,break
2025-08-23 20:32:14,2025-08-23 20:33:30,18,Discord.exe,#ü¶ÖÔΩúpolitics | STEM Idiots‚Ñ¢ - Discord,break
2025-08-23 20:32:20,2025-08-23 20:32:30,5,SearchHost.exe,Search,break
2025-08-23 20:32:30,2025-08-23 20:32:32,2,msedge.exe,New tab - Profile 1 - Microsoft‚Äã Edge,break
2025-08-23 20:32:32,2025-08-23 20:32:37,5,msedge.exe,Discord - Group Chat That‚Äôs All Fun & Games - Profile 1 - Microsoft‚Äã Edge,break
2025-08-23 20:32:37,2025-08-23 20:32:38,1,msedge.exe,Discord - Profile 1 - Microsoft‚Äã Edge,break
2025-08-23 20:32:38,2025-08-23 20:32:40,2,msedge.exe,Discord | Friends - Profile 1 - Microsoft‚Äã Edge,break
2025-08-23 20:32:40,2025-08-23 20:32:45,5,msedge.exe,(890) Discord | Friends - Profile 1 - Microsoft‚Äã Edge,break
2025-08-23 20:32:45,2025-08-23 20:33:19,9,msedge.exe,(890) Discord | #üí¨ÔΩúgeneral | The Kodiak Republic - Profile 1 - Microsoft‚Äã Edge,break
2025-08-23 20:32:50,2025-08-23 20:33:23,8,msedge.exe,(890) Discord | #‚òïÔΩúoff-topic | The Kodiak Republic - Profile 1 - Microsoft‚Äã Edge,break
2025-08-23 20:32:56,2025-08-23 20:33:21,16,msedge.exe,(890) Discord | #‚õΩÔΩúrl-politics | The Kodiak Republic - Profile 1 - Microsoft‚Äã Edge,break
2025-08-23 20:33:06,2025-08-23 20:33:10,4,msedge.exe,(890) Discord | #üß†ÔΩúmeta | The Kodiak Republic - Profile 1 - Microsoft‚Äã Edge,break
2025-08-23 20:33:30,2025-08-23 20:33:31,1,Discord.exe,#üí≠ÔΩúshower-thoughts | STEM Idiots‚Ñ¢ - Discord,break
2025-08-23 20:33:56,2025-08-23 20:36:57,155,firefox.exe,David Horowitz Taken Hostage on Live TV: 1987 - YouTube ‚Äî Mozilla Firefox,break
2025-08-23 20:36:57,2025-08-23 20:48:57,710,firefox.exe,What Movie Did The Groundhog Day Plot Best? - YouTube ‚Äî Mozilla Firefox,break
2025-08-23 20:48:57,2025-08-23 20:54:33,299,firefox.exe,The 7 Ego-Shattering Truths Every Writer Hates to Hear - YouTube ‚Äî Mozilla Firefox,break
2025-08-23 20:54:36,2025-08-23 20:54:47,10,firefox.exe,[Subbed] [Lyrics] Hatsune Miku - The Secret Garden HD - YouTube ‚Äî Mozilla Firefox,break
2025-08-23 20:54:50,2025-08-23 20:54:57,7,Discord.exe,#üî¢ÔΩúcounting | STEM Idiots‚Ñ¢ - Discord,break
2025-08-23 20:55:06,2025-08-23 20:59:35,9,python.exe,Pomodoro Tracker,work
2025-08-23 20:55:10,2025-08-23 20:55:11,1,Discord.exe,#üß®ÔΩúspam | STEM Idiots‚Ñ¢ - Discord,work
2025-08-23 20:55:14,2025-08-23 20:55:17,3,explorer.exe,Program Manager,work
2025-08-23 20:55:17,2025-08-23 20:55:18,1,Code.exe,Visual Studio Code,work
2025-08-23 20:55:18,2025-08-23 20:55:28,10,Code.exe,memory_manager.py - Chatbot Project - Visual Studio Code,work
2025-08-23 20:55:28,2025-08-23 21:00:00,63,Code.exe,gui.py - 5217Timer - Visual Studio Code,work
2025-08-23 20:55:32,2025-08-23 20:55:34,2,firefox.exe,[Subbed] [Lyrics] Hatsune Miku - The Secret Garden HD - YouTube ‚Äî Mozilla Firefox,work
2025-08-23 20:55:34,2025-08-23 20:55:36,2,firefox.exe,Mozilla Firefox,work
2025-08-23 20:55:36,2025-08-23 20:55:52,16,firefox.exe,ChatGPT ‚Äî Mozilla Firefox,work
2025-08-23 20:55:52,2025-08-23 20:59:54,157,firefox.exe,Timer app tracker guide ‚Äî Mozilla Firefox,work
2025-08-23 20:58:05,2025-08-23 20:59:06,11,Code.exe,main.py - 5217Timer - Visual Studio Code,work
2025-08-23 20:59:22,2025-08-23 20:59:30,8,Code.exe,‚óè gui.py - 5217Timer - Visual Studio Code,work
2025-08-23 21:00:00,2025-08-23 21:51:02,185,Code.exe,gui.py - 5217Timer - Visual Studio Code,work
2025-08-23 21:00:01,2025-08-23 21:54:20,83,Code.exe,main.py - 5217Timer - Visual Studio Code,work
2025-08-23 21:00:09,2025-08-23 21:57:21,1007,firefox.exe,Timer app tracker guide ‚Äî Mozilla Firefox,work
2025-08-23 21:01:39,2025-08-23 21:51:12,329,Code.exe,‚óè gui.py - 5217Timer - Visual Studio Code,work
2025-08-23 21:02:23,2025-08-23 21:02:24,1,firefox.exe,„ÄêÊù±Êñπ„ÄëBad Apple!! Ôº∞Ôº∂„ÄêÂΩ±Áµµ„Äë - YouTube ‚Äî Mozilla Firefox,work
2025-08-23 21:02:37,2025-08-23 21:47:26,11,explorer.exe,System tray overflow window.,work
2025-08-23 21:02:39,2025-08-23 21:41:16,24,Discord.exe,#üß®ÔΩúspam | STEM Idiots‚Ñ¢ - Discord,work
2025-08-23 21:03:20,2025-08-23 21:03:49,6,Code.exe,tracker.py - 5217Timer - Visual Studio Code,work
2025-08-23 21:08:10,2025-08-23 21:50:29,27,python.exe,Figure 1,work
2025-08-23 21:08:15,2025-08-23 21:47:25,333,python.exe,Pomodoro Tracker,work
2025-08-23 21:09:28,2025-08-23 21:11:42,4,Code.exe,state.py - 5217Timer - Visual Studio Code,work
2025-08-23 21:10:12,2025-08-23 21:39:51,22,explorer.exe,Program Manager,work
2025-08-23 21:14:47,2025-08-23 21:39:55,10,Discord.exe,Discord,work
2025-08-23 21:14:53,2025-08-23 21:39:58,7,Discord.exe, - Discord,work
2025-08-23 21:14:57,2025-08-23 21:40:01,6,Discord.exe,Friends - Discord,work
2025-08-23 21:15:05,2025-08-23 21:41:02,60,Discord.exe,#üî¢ÔΩúcounting | STEM Idiots‚Ñ¢ - Discord,work
2025-08-23 21:15:09,2025-08-23 21:41:13,13,Discord.exe,#general | 2026 babyyy - Discord,work
2025-08-23 21:15:16,2025-08-23 21:15:18,2,Discord.exe,#üå≥ÔΩúgrow-a-tree | STEM Idiots‚Ñ¢ - Discord,work
2025-08-23 21:20:06,2025-08-23 21:43:55,18,python.exe,Add App,work
2025-08-23 21:26:51,2025-08-23 21:26:52,1,python.exe,Warning,work
2025-08-23 21:35:24,2025-08-23 21:43:33,98,python.exe,Select App to Block,work
2025-08-23 21:39:36,2025-08-23 21:44:09,8,python.exe,Add App Manually,work
2025-08-23 21:45:03,2025-08-23 21:45:04,1,ShellExperienceHost.exe,New notification,work
2025-08-23 21:46:02,2025-08-23 21:54:29,62,Code.exe,‚óè main.py - 5217Timer - Visual Studio Code,work
2025-08-23 21:48:49,2025-08-23 21:49:07,7,Code.exe,‚óè state.py - 5217Timer - Visual Studio Code,work
2025-08-23 21:52:22,2025-08-23 21:57:16,189,firefox.exe,Timer app tracker guide ‚Äî Mozilla Firefox,unscheduled
2025-08-23 22:00:15,2025-08-23 22:43:58,97,Code.exe,gui.py - 5217Timer - Visual Studio Code,work
2025-08-23 22:00:16,2025-08-23 22:54:35,27,python.exe,Figure 1,work
2025-08-23 22:00:22,2025-08-23 22:08:21,7,explorer.exe,System tray overflow window.,work
2025-08-23 22:00:50,2025-08-23 22:56:43,605,firefox.exe,Timer app tracker guide ‚Äî Mozilla Firefox,work
2025-08-23 22:01:03,2025-08-23 22:30:33,68,Code.exe,main.py - 5217Timer - Visual Studio Code,work
2025-08-23 22:02:01,2025-08-23 22:56:44,227,python.exe,Pomodoro Tracker,work
2025-08-23 22:02:59,2025-08-23 22:22:14,37,explorer.exe,Program Manager,work
2025-08-23 22:03:15,2025-08-23 22:03:18,3,python.exe,Select App to Block,work
2025-08-23 22:03:27,2025-08-23 22:22:19,8,Discord.exe,Discord,work
2025-08-23 22:03:33,2025-08-23 22:19:09,57,python.exe,Add App Manually,work
2025-08-23 22:03:34,2025-08-23 22:22:24,6,Discord.exe,Friends - Discord,work
2025-08-23 22:05:21,2025-08-23 22:16:44,17,Code.exe,‚óè main.py - 5217Timer - Visual Studio Code,work
2025-08-23 22:15:19,2025-08-23 22:18:43,24,SearchHost.exe,Search,work
2025-08-23 22:15:33,2025-08-23 22:41:34,56,Code.exe,state.py - 5217Timer - Visual Studio Code,work
2025-08-23 22:15:56,2025-08-23 22:16:26,21,Code.exe,‚óè gui.py - 5217Timer - Visual Studio Code,work
2025-08-23 22:16:57,2025-08-23 22:17:10,3,python.exe,App Blocked,work
2025-08-23 22:18:24,2025-08-23 22:19:20,4,AutoClicker.exe,OP Auto Clicker 3.0,work
2025-08-23 22:18:28,2025-08-23 22:18:29,1,explorer.exe,File Explorer,work
2025-08-23 22:18:29,2025-08-23 22:18:47,6,explorer.exe,Home - File Explorer,work
2025-08-23 22:18:47,2025-08-23 22:18:49,2,explorer.exe,Downloads - File Explorer,work
2025-08-23 22:18:49,2025-08-23 22:18:50,1,explorer.exe,op - Downloads - File Explorer,work
2025-08-23 22:18:50,2025-08-23 22:18:51,1,explorer.exe,op - Search Results in Downloads - File Explorer,work
2025-08-23 22:18:51,2025-08-23 22:18:53,2,explorer.exe,op a - Search Results in Downloads - File Explorer,work
2025-08-23 22:18:53,2025-08-23 22:18:56,3,explorer.exe,op aut - Search Results in Downloads - File Explorer,work
2025-08-23 22:18:56,2025-08-23 22:18:58,2,explorer.exe,op auto - Search Results in Downloads - File Explorer,work
2025-08-23 22:18:58,2025-08-23 22:18:59,1,explorer.exe,op autoc - Search Results in Downloads - File Explorer,work
2025-08-23 22:18:59,2025-08-23 22:19:05,6,explorer.exe,op autocl - Search Results in Downloads - File Explorer,work
2025-08-23 22:22:19,2025-08-23 22:22:21,2,Discord.exe, - Discord,work
2025-08-23 22:22:24,2025-08-23 22:56:30,42,Discord.exe,#üß®ÔΩúspam | STEM Idiots‚Ñ¢ - Discord,work
2025-08-23 22:22:29,2025-08-23 22:42:17,249,Discord.exe,#üòéÔΩúthe-cool-person-chat | STEM Idiots‚Ñ¢ - Discord,work
2025-08-23 22:22:48,2025-08-23 22:23:13,14,SnippingTool.exe,Snipping Tool Overlay,work
2025-08-23 22:27:14,2025-08-23 22:36:31,10,Code.exe,notifier.py - 5217Timer - Visual Studio Code,work
2025-08-23 22:27:16,2025-08-23 22:41:51,157,Code.exe,timer.py - 5217Timer - Visual Studio Code,work
2025-08-23 22:29:08,2025-08-23 22:55:18,7,Code.exe,logger.py - 5217Timer - Visual Studio Code,work
2025-08-23 22:30:17,2025-08-23 22:41:36,6,Code.exe,tracker.py - 5217Timer - Visual Studio Code,work
2025-08-23 22:30:27,2025-08-23 22:30:28,1,Code.exe,idle_tracker.py - 5217Timer - Visual Studio Code,work
2025-08-23 22:31:31,2025-08-23 22:37:44,45,Code.exe,‚óè timer.py - 5217Timer - Visual Studio Code,work
2025-08-23 22:32:15,2025-08-23 22:47:10,25,python.exe,Pomodoro Tracker,break
2025-08-23 22:32:25,2025-08-23 22:54:07,406,firefox.exe,Timer app tracker guide ‚Äî Mozilla Firefox,break
2025-08-23 22:32:45,2025-08-23 22:48:14,4,SearchHost.exe,Search,break
2025-08-23 22:32:49,2025-08-23 22:32:52,3,msedge.exe,New tab - Profile 1 - Microsoft‚Äã Edge,break
2025-08-23 22:32:52,2025-08-23 22:32:55,3,msedge.exe,Discord - Group Chat That‚Äôs All Fun & Games - Profile 1 - Microsoft‚Äã Edge,break
2025-08-23 22:32:55,2025-08-23 22:32:57,2,msedge.exe,Discord - Profile 1 - Microsoft‚Äã Edge,break
2025-08-23 22:32:57,2025-08-23 22:32:58,1,msedge.exe,Discord | Friends - Profile 1 - Microsoft‚Äã Edge,break
2025-08-23 22:32:58,2025-08-23 22:33:00,2,msedge.exe,(890) Discord | Friends - Profile 1 - Microsoft‚Äã Edge,break
2025-08-23 22:33:00,2025-08-23 22:45:52,42,msedge.exe,(890) Discord | #‚òïÔΩúoff-topic | The Kodiak Republic - Profile 1 - Microsoft‚Äã Edge,break
2025-08-23 22:33:03,2025-08-23 22:33:09,6,msedge.exe,(890) Discord | #üí¨ÔΩúgeneral | The Kodiak Republic - Profile 1 - Microsoft‚Äã Edge,break
2025-08-23 22:33:09,2025-08-23 22:33:19,10,msedge.exe,(890) Discord | #‚õΩÔΩúrl-politics | The Kodiak Republic - Profile 1 - Microsoft‚Äã Edge,break
2025-08-23 22:33:19,2025-08-23 22:33:51,32,msedge.exe,(890) Discord | #üß∞ÔΩúmoderation | The Kodiak Republic - Profile 1 - Microsoft‚Äã Edge,break
2025-08-23 22:33:51,2025-08-23 22:34:10,18,msedge.exe,(890) Discord | #üß†ÔΩúmeta | The Kodiak Republic - Profile 1 - Microsoft‚Äã Edge,break
2025-08-23 22:34:10,2025-08-23 22:34:15,5,msedge.exe,(890) Discord | #üåÜÔΩúns-general | The Kodiak Republic - Profile 1 - Microsoft‚Äã Edge,break
2025-08-23 22:34:16,2025-08-23 22:34:44,10,Discord.exe,#üòéÔΩúthe-cool-person-chat | STEM Idiots‚Ñ¢ - Discord,break
2025-08-23 22:35:06,2025-08-23 22:35:10,4,Code.exe,timer.py - 5217Timer - Visual Studio Code,break
2025-08-23 22:35:26,2025-08-23 22:56:33,61,msedge.exe,(890) Discord | #‚òïÔΩúoff-topic | The Kodiak Republic - Profile 1 - Microsoft‚Äã Edge,work
2025-08-23 22:38:13,2025-08-23 22:38:14,1,Discord.exe,#üìöÔΩúschool | STEM Idiots‚Ñ¢ - Discord,work
2025-08-23 22:38:14,2025-08-23 22:38:24,10,Discord.exe,#üò§ÔΩúranting | STEM Idiots‚Ñ¢ - Discord,work
2025-08-23 22:38:33,2025-08-23 22:38:34,1,ShellExperienceHost.exe,Jump List for Firefox,work
2025-08-23 22:42:09,2025-08-23 22:42:10,1,firefox.exe,Sleep Sounds Rain No Thunder üåßÔ∏è Rainstorm White Noise 10 Hours - YouTube ‚Äî Mozilla Firefox,work
2025-08-23 22:44:51,2025-08-23 22:44:53,2,ShellExperienceHost.exe,New notification,work
2025-08-23 22:45:52,2025-08-23 22:52:40,41,Code.exe,gui.py - 5217Timer - Visual Studio Code,break
2025-08-23 22:46:19,2025-08-23 22:46:20,1,Code.exe,idle_tracker.py - 5217Timer - Visual Studio Code,break
2025-08-23 22:46:20,2025-08-23 22:54:17,45,Code.exe,logger.py - 5217Timer - Visual Studio Code,break
2025-08-23 22:46:29,2025-08-23 22:48:48,21,Code.exe,tracker.py - 5217Timer - Visual Studio Code,break
2025-08-23 22:47:11,2025-08-23 22:48:42,43,Code.exe,usage_log.csv - 5217Timer - Visual Studio Code,break
2025-08-23 22:54:17,2025-08-23 22:54:24,7,Code.exe,‚óè logger.py - 5217Timer - Visual Studio Code,break
2025-08-23 22:56:08,2025-08-23 22:56:41,7,msedge.exe,(890) Discord | #üí¨ÔΩúgeneral | The Kodiak Republic - Profile 1 - Microsoft‚Äã Edge,work
2025-08-23 22:56:13,2025-08-23 22:56:35,7,msedge.exe,(890) Discord | #üß∞ÔΩúmoderation | The Kodiak Republic - Profile 1 - Microsoft‚Äã Edge,work
2025-08-23 22:56:35,2025-08-23 22:56:39,4,msedge.exe,(890) Discord | #üì•ÔΩúga_president | The Kodiak Republic - Profile 1 - Microsoft‚Äã Edge,work
